dt,Fecha,Hora,CO,oxEst,NMHC,Benz,Titania,NOx,oxTung,NO2,oxTung_2,oxInd,Temp,humRel,humAbs
2004-06-01 00:00:00,1/6/2004,00:00:00,0.3,922,-200.0,4.7,750,46,1085,45,1585,685.0,18.6,75.7,1.6074
2004-06-01 01:00:00,1/6/2004,01:00:00,-200.0,830,-200.0,2.9,644,17,1235,23,1487,524.0,19.6,68.4,1.5443
2004-06-01 02:00:00,1/6/2004,02:00:00,-200.0,805,-200.0,2.0,583,18,1339,26,1494,527.0,18.0,76.4,1.5608
2004-06-01 03:00:00,1/6/2004,03:00:00,-200.0,760,-200.0,1.1,505,-200,1527,-200,1413,452.0,17.3,77.2,1.5104
2004-06-01 04:00:00,1/6/2004,04:00:00,-200.0,783,-200.0,1.3,529,16,1437,24,1435,466.0,16.5,82.3,1.5318
2004-06-01 05:00:00,1/6/2004,05:00:00,0.1,854,-200.0,2.4,613,39,1272,41,1515,565.0,16.8,81.3,1.5452
2004-06-01 06:00:00,1/6/2004,06:00:00,0.3,985,-200.0,6.1,816,107,987,65,1677,799.0,17.3,78.6,1.5412
2004-06-01 07:00:00,1/6/2004,07:00:00,1.4,1225,-200.0,12.5,1067,190,760,94,1922,1102.0,16.9,80.9,1.5472
2004-06-01 08:00:00,1/6/2004,08:00:00,2.7,1313,-200.0,19.5,1283,236,671,100,2180,1299.0,17.1,79.8,1.5419999999999998
2004-06-01 09:00:00,1/6/2004,09:00:00,2.3,1199,-200.0,15.2,1156,227,758,103,1958,1272.0,18.5,70.3,1.4826
2004-06-01 10:00:00,1/6/2004,10:00:00,1.8,1182,-200.0,12.0,1051,211,829,89,1870,1206.0,19.6,66.7,1.5023
2004-06-01 11:00:00,1/6/2004,11:00:00,1.6,1173,-200.0,12.4,1063,201,814,86,1905,1218.0,20.4,63.1,1.4969
2004-06-01 12:00:00,1/6/2004,12:00:00,1.9,1259,-200.0,15.9,1178,191,722,89,2060,1367.0,21.6,61.8,1.5775
2004-06-01 13:00:00,1/6/2004,13:00:00,2.5,1263,-200.0,15.7,1171,192,759,88,2029,1290.0,24.0,49.3,1.4509
2004-06-01 14:00:00,1/6/2004,14:00:00,1.6,1156,-200.0,13.5,1100,143,800,73,1884,1175.0,25.7,43.8,1.4262
2004-06-01 15:00:00,1/6/2004,15:00:00,1.5,1167,-200.0,12.4,1065,148,808,78,1886,1139.0,24.6,47.5,1.4487
2004-06-01 16:00:00,1/6/2004,16:00:00,2.5,1278,-200.0,17.1,1213,183,733,95,2041,1293.0,24.8,47.4,1.4628
2004-06-01 17:00:00,1/6/2004,17:00:00,3.6,1342,-200.0,22.0,1351,216,657,109,2201,1419.0,23.7,50.5,1.4636
2004-06-01 18:00:00,1/6/2004,18:00:00,3.5,1353,-200.0,19.9,1292,184,683,95,2178,1326.0,23.0,53.8,1.4968
2004-06-01 19:00:00,1/6/2004,19:00:00,4.8,1501,-200.0,27.9,1501,248,588,101,2486,1517.0,21.5,65.8,1.6688
2004-06-01 20:00:00,1/6/2004,20:00:00,3.7,1355,-200.0,19.7,1289,221,678,88,2158,1391.0,21.0,66.9,1.6436
2004-06-01 21:00:00,1/6/2004,21:00:00,2.1,1230,-200.0,15.7,1169,159,737,77,2020,1275.0,20.6,68.1,1.6329
2004-06-01 22:00:00,1/6/2004,22:00:00,1.6,1148,-200.0,12.0,1048,136,822,75,1883,1168.0,20.5,66.9,1.5914
2004-06-01 23:00:00,1/6/2004,23:00:00,2.2,1171,-200.0,13.1,1088,168,822,81,1889,1132.0,20.2,65.2,1.5251
2004-06-02 00:00:00,2/6/2004,00:00:00,0.8,1021,-200.0,9.2,949,95,927,57,1764,977.0,19.5,68.0,1.5269
2004-06-02 01:00:00,2/6/2004,01:00:00,-200.0,964,-200.0,7.5,877,70,958,49,1692,942.0,19.9,66.4,1.5203
2004-06-02 02:00:00,2/6/2004,02:00:00,-200.0,887,-200.0,4.9,758,43,1094,38,1622,804.0,19.1,69.0,1.5043
2004-06-02 03:00:00,2/6/2004,03:00:00,-200.0,885,-200.0,5.2,773,-200,1051,-200,1641,805.0,18.5,70.7,1.4962
2004-06-02 04:00:00,2/6/2004,04:00:00,-200.0,830,-200.0,3.2,662,30,1217,31,1556,704.0,18.9,67.8,1.4689
2004-06-02 05:00:00,2/6/2004,05:00:00,-200.0,792,-200.0,2.4,611,22,1280,23,1529,657.0,20.0,63.7,1.4742
2004-06-02 06:00:00,2/6/2004,06:00:00,-200.0,813,-200.0,2.8,639,25,1267,22,1538,655.0,19.8,64.7,1.4769
2004-06-02 07:00:00,2/6/2004,07:00:00,-200.0,890,-200.0,3.9,703,48,1145,33,1601,751.0,19.7,65.3,1.4843
2004-06-02 08:00:00,2/6/2004,08:00:00,-200.0,984,-200.0,6.9,854,73,964,43,1751,885.0,20.8,62.0,1.5002
2004-06-02 09:00:00,2/6/2004,09:00:00,-200.0,1043,-200.0,8.5,920,95,925,53,1777,955.0,22.2,56.6,1.4973
2004-06-02 10:00:00,2/6/2004,10:00:00,-200.0,1054,-200.0,8.9,936,86,915,54,1791,962.0,24.3,49.0,1.4724
2004-06-02 11:00:00,2/6/2004,11:00:00,-200.0,1063,-200.0,8.8,930,102,925,62,1749,957.0,25.0,46.5,1.4492
2004-06-02 12:00:00,2/6/2004,12:00:00,-200.0,978,-200.0,7.4,873,80,1003,53,1669,788.0,28.9,34.8,1.3603
2004-06-02 13:00:00,2/6/2004,13:00:00,-200.0,887,-200.0,4.7,748,36,1141,34,1560,596.0,29.6,33.4,1.3581
2004-06-02 14:00:00,2/6/2004,14:00:00,-200.0,887,-200.0,4.8,754,32,1164,30,1523,560.0,30.9,30.7,1.3493
2004-06-02 15:00:00,2/6/2004,15:00:00,-200.0,977,-200.0,6.8,850,46,1035,37,1645,701.0,31.8,31.0,1.4286
2004-06-02 16:00:00,2/6/2004,16:00:00,-200.0,1043,-200.0,8.9,934,61,929,47,1707,811.0,31.4,31.2,1.4127
2004-06-02 17:00:00,2/6/2004,17:00:00,-200.0,1010,-200.0,8.1,902,59,966,44,1676,724.0,28.9,35.7,1.3985
2004-06-02 18:00:00,2/6/2004,18:00:00,-200.0,1094,-200.0,10.5,996,76,876,53,1807,864.0,27.2,42.5,1.5135
2004-06-02 19:00:00,2/6/2004,19:00:00,-200.0,1223,-200.0,14.8,1142,145,778,88,1965,1084.0,26.2,46.4,1.5573
2004-06-02 20:00:00,2/6/2004,20:00:00,-200.0,1109,-200.0,11.8,1042,140,834,95,1888,998.0,24.5,51.0,1.5454
2004-06-02 21:00:00,2/6/2004,21:00:00,-200.0,1026,-200.0,8.7,927,102,915,82,1781,878.0,22.8,56.1,1.5353
2004-06-02 22:00:00,2/6/2004,22:00:00,-200.0,1036,-200.0,8.7,928,89,914,59,1787,909.0,21.9,60.9,1.5799
2004-06-02 23:00:00,2/6/2004,23:00:00,-200.0,963,-200.0,6.9,853,62,995,43,1732,789.0,21.7,61.0,1.5617
2004-06-03 00:00:00,3/6/2004,00:00:00,-200.0,996,-200.0,7.3,868,69,957,51,1741,857.0,20.8,64.8,1.568
2004-06-03 01:00:00,3/6/2004,01:00:00,-200.0,999,-200.0,6.9,853,63,951,49,1756,885.0,20.3,70.9,1.6699
2004-06-03 02:00:00,3/6/2004,02:00:00,-200.0,893,-200.0,4.6,741,31,1056,36,1664,743.0,18.9,79.0,1.704
2004-06-03 03:00:00,3/6/2004,03:00:00,-200.0,730,-200.0,1.3,530,-200,1517,-200,1362,445.0,18.1,64.6,1.3276
2004-06-03 04:00:00,3/6/2004,04:00:00,-200.0,753,-200.0,1.7,562,17,1420,24,1414,454.0,18.6,64.5,1.3655
2004-06-03 05:00:00,3/6/2004,05:00:00,-200.0,825,-200.0,3.2,663,61,1203,58,1504,610.0,17.6,67.4,1.3459999999999999
2004-06-03 06:00:00,3/6/2004,06:00:00,-200.0,1012,-200.0,10.1,982,184,882,73,1796,1024.0,17.6,67.6,1.3479
2004-06-03 07:00:00,3/6/2004,07:00:00,-200.0,1221,-200.0,19.9,1293,248,688,74,2144,1316.0,19.0,61.7,1.3393
2004-06-03 08:00:00,3/6/2004,08:00:00,-200.0,1215,-200.0,20.2,1303,220,694,97,2180,1358.0,20.0,57.4,1.3268
2004-06-03 09:00:00,3/6/2004,09:00:00,-200.0,1234,-200.0,20.8,1318,243,714,108,2108,2202.0,22.6,45.9,1.2418
2004-06-03 10:00:00,3/6/2004,10:00:00,-200.0,1138,-200.0,15.1,1152,164,798,93,1877,1947.0,27.3,34.3,1.2284
2004-06-03 11:00:00,3/6/2004,11:00:00,-200.0,987,-200.0,10.9,1009,-200,914,-200,1697,1227.0,27.4,31.0,1.1184
2004-06-03 12:00:00,3/6/2004,12:00:00,-200.0,980,-200.0,11.1,1019,-200,921,-200,1720,950.0,26.2,33.6,1.1244
2004-06-03 13:00:00,3/6/2004,13:00:00,-200.0,966,-200.0,12.1,1054,-200,885,-200,1742,917.0,26.8,32.4,1.1263
2004-06-03 14:00:00,3/6/2004,14:00:00,-200.0,905,-200.0,8.6,923,-200,1025,-200,1582,707.0,28.7,27.7,1.071
2004-06-03 15:00:00,3/6/2004,15:00:00,-200.0,903,-200.0,9.7,968,-200,992,-200,1565,740.0,28.7,25.0,0.9684
2004-06-03 16:00:00,3/6/2004,16:00:00,-200.0,914,-200.0,11.0,1014,-200,988,-200,1597,775.0,29.1,22.3,0.8811
2004-06-03 17:00:00,3/6/2004,17:00:00,-200.0,1050,-200.0,16.6,1199,-200,849,-200,1781,1035.0,29.0,24.5,0.9655
2004-06-03 18:00:00,3/6/2004,18:00:00,-200.0,1043,-200.0,14.7,1139,-200,876,-200,1756,1001.0,27.2,28.3,1.0016
2004-06-03 19:00:00,3/6/2004,19:00:00,-200.0,1125,-200.0,19.5,1283,-200,792,-200,1899,1101.0,25.3,30.0,0.9520000000000001
2004-06-03 20:00:00,3/6/2004,20:00:00,-200.0,1058,-200.0,14.5,1134,-200,855,-200,1797,1034.0,24.1,34.8,1.0333
2004-06-03 21:00:00,3/6/2004,21:00:00,-200.0,951,-200.0,7.8,892,-200,1015,-200,1611,786.0,23.0,43.1,1.1993
2004-06-03 22:00:00,3/6/2004,22:00:00,-200.0,944,-200.0,7.8,891,-200,1016,-200,1593,844.0,22.1,43.9,1.1521
2004-06-03 23:00:00,3/6/2004,23:00:00,-200.0,959,-200.0,7.8,892,-200,996,-200,1616,866.0,21.0,48.1,1.178
2004-06-04 00:00:00,4/6/2004,00:00:00,-200.0,974,-200.0,8.5,919,-200,976,-200,1638,909.0,20.6,49.2,1.1754
2004-06-04 01:00:00,4/6/2004,01:00:00,-200.0,880,-200.0,5.7,799,-200,1097,-200,1533,724.0,21.2,47.6,1.1799
2004-06-04 02:00:00,4/6/2004,02:00:00,-200.0,853,-200.0,4.5,740,-200,1146,-200,1526,715.0,21.0,50.1,1.2338
2004-06-04 03:00:00,4/6/2004,03:00:00,-200.0,912,-200.0,5.6,795,-200,1042,-200,1564,827.0,20.1,53.1,1.2342
2004-06-04 04:00:00,4/6/2004,04:00:00,-200.0,863,-200.0,4.6,745,-200,1098,-200,1496,786.0,19.0,54.0,1.1745
2004-06-04 05:00:00,4/6/2004,05:00:00,-200.0,729,-200.0,1.2,520,-200,1570,-200,1318,445.0,19.2,51.1,1.124
2004-06-04 06:00:00,4/6/2004,06:00:00,-200.0,830,-200.0,3.4,674,-200,1246,-200,1459,607.0,19.2,53.1,1.1662
2004-06-04 07:00:00,4/6/2004,07:00:00,-200.0,1198,-200.0,17.0,1209,-200,779,-200,2058,1213.0,20.6,49.0,1.1748
2004-06-04 08:00:00,4/6/2004,08:00:00,-200.0,971,-200.0,10.0,977,-200,921,-200,1667,910.0,21.8,41.9,1.077
2004-06-04 09:00:00,4/6/2004,09:00:00,-200.0,885,-200.0,6.0,812,-200,1100,-200,1495,675.0,22.8,37.6,1.0315
2004-06-04 10:00:00,4/6/2004,10:00:00,-200.0,862,-200.0,5.7,798,-200,1148,-200,1456,582.0,24.8,31.3,0.9646
2004-06-04 11:00:00,4/6/2004,11:00:00,-200.0,892,-200.0,6.9,853,-200,1080,-200,1509,666.0,26.0,29.4,0.976
2004-06-04 12:00:00,4/6/2004,12:00:00,-200.0,933,-200.0,9.5,960,-200,994,-200,1577,726.0,27.0,27.8,0.9731
2004-06-04 13:00:00,4/6/2004,13:00:00,-200.0,975,-200.0,11.1,1017,-200,930,-200,1668,801.0,27.0,29.3,1.0277
2004-06-04 14:00:00,4/6/2004,14:00:00,-200.0,927,-200.0,8.1,905,-200,1016,-200,1554,711.0,27.0,29.6,1.0419
2004-06-04 15:00:00,4/6/2004,15:00:00,-200.0,993,-200.0,10.2,985,-200,950,-200,1680,790.0,25.8,32.6,1.072
2004-06-04 16:00:00,4/6/2004,16:00:00,2.7,1053,-200.0,13.3,1093,-200,873,-200,1749,924.0,26.2,32.6,1.0892
2004-06-04 17:00:00,4/6/2004,17:00:00,3.6,1116,-200.0,16.6,1198,-200,811,-200,1863,1045.0,28.3,27.5,1.0418
2004-06-04 18:00:00,4/6/2004,18:00:00,3.3,1097,-200.0,16.9,1206,-200,813,-200,1867,1088.0,26.5,29.7,1.0123
2004-06-04 19:00:00,4/6/2004,19:00:00,3.6,1116,-200.0,17.5,1226,-200,792,-200,1938,1038.0,25.7,31.8,1.0317
2004-06-04 20:00:00,4/6/2004,20:00:00,2.9,1057,-200.0,13.1,1087,-200,871,-200,1769,981.0,24.4,35.2,1.0632
2004-06-04 21:00:00,4/6/2004,21:00:00,1.9,973,-200.0,9.2,949,-200,987,-200,1615,820.0,23.5,36.9,1.0518
2004-06-04 22:00:00,4/6/2004,22:00:00,2.0,1016,-200.0,10.0,977,-200,951,-200,1652,948.0,22.4,41.0,1.1006
2004-06-04 23:00:00,4/6/2004,23:00:00,2.9,1120,-200.0,13.1,1088,-200,849,-200,1785,1067.0,21.7,44.7,1.1451
2004-06-05 00:00:00,5/6/2004,00:00:00,2.7,1076,-200.0,12.9,1080,-200,846,-200,1787,1070.0,21.1,48.1,1.1864
2004-06-05 01:00:00,5/6/2004,01:00:00,1.5,937,-200.0,7.8,890,-200,970,-200,1625,877.0,20.7,50.0,1.203
2004-06-05 02:00:00,5/6/2004,02:00:00,1.6,980,-200.0,9.2,948,-200,888,-200,1702,1028.0,19.8,53.1,1.2093
2004-06-05 03:00:00,5/6/2004,03:00:00,1.3,937,-200.0,6.9,853,-200,962,-200,1604,969.0,19.8,53.6,1.2214
2004-06-05 04:00:00,5/6/2004,04:00:00,0.7,852,-200.0,4.5,739,37,1095,63,1525,837.0,19.6,54.8,1.236
2004-06-05 05:00:00,5/6/2004,05:00:00,0.7,858,-200.0,4.9,757,57,1066,71,1542,904.0,19.3,57.3,1.265
2004-06-05 06:00:00,5/6/2004,06:00:00,1.2,963,-200.0,7.9,894,131,942,91,1702,1065.0,19.7,58.4,1.3254
2004-06-05 07:00:00,5/6/2004,07:00:00,1.5,966,-200.0,7.4,874,171,969,95,1682,999.0,19.8,59.4,1.3554
2004-06-05 08:00:00,5/6/2004,08:00:00,1.5,983,-200.0,8.0,901,187,954,96,1691,986.0,20.9,54.8,1.3387
2004-06-05 09:00:00,5/6/2004,09:00:00,1.6,990,-200.0,7.6,881,133,985,81,1685,874.0,22.4,47.9,1.2817
2004-06-05 10:00:00,5/6/2004,10:00:00,1.1,891,-200.0,5.3,780,87,1110,68,1543,689.0,24.1,41.3,1.2202
2004-06-05 11:00:00,5/6/2004,11:00:00,1.1,883,-200.0,5.3,778,61,1130,57,1545,608.0,25.9,36.9,1.2133
2004-06-05 12:00:00,5/6/2004,12:00:00,1.4,914,-200.0,8.0,900,86,1010,68,1596,706.0,30.7,26.0,1.1287
2004-06-05 13:00:00,5/6/2004,13:00:00,1.4,896,-200.0,8.4,917,83,1017,72,1577,704.0,30.3,25.2,1.0652
2004-06-05 14:00:00,5/6/2004,14:00:00,1.0,841,-200.0,6.0,811,61,1135,62,1463,609.0,30.1,25.4,1.0641
2004-06-05 15:00:00,5/6/2004,15:00:00,1.3,926,-200.0,7.3,868,80,1048,75,1599,687.0,27.6,35.1,1.2764
2004-06-05 16:00:00,5/6/2004,16:00:00,1.9,1133,-200.0,10.2,984,110,838,92,1897,976.0,26.6,47.6,1.6315
2004-06-05 17:00:00,5/6/2004,17:00:00,1.7,1042,-200.0,9.0,939,108,917,89,1744,860.0,30.4,31.3,1.3331
2004-06-05 18:00:00,5/6/2004,18:00:00,2.3,1124,-200.0,14.0,1118,134,793,105,1915,1021.0,27.8,35.0,1.2819999999999998
2004-06-05 19:00:00,5/6/2004,19:00:00,2.4,1157,-200.0,16.1,1183,133,738,111,1970,1079.0,26.6,37.9,1.2994
2004-06-05 20:00:00,5/6/2004,20:00:00,1.8,989,-200.0,8.2,906,118,954,102,1681,826.0,23.4,44.4,1.2646
2004-06-05 21:00:00,5/6/2004,21:00:00,0.6,841,-200.0,3.8,699,17,1123,30,1508,558.0,23.0,51.1,1.4175
2004-06-05 22:00:00,5/6/2004,22:00:00,0.8,916,-200.0,5.6,791,26,1007,43,1588,679.0,22.1,53.5,1.4087
2004-06-05 23:00:00,5/6/2004,23:00:00,1.7,1008,-200.0,8.0,900,55,907,67,1681,850.0,21.6,53.6,1.3674
2004-06-06 00:00:00,6/6/2004,00:00:00,1.1,895,-200.0,5.6,792,39,975,58,1574,733.0,21.9,52.7,1.365
2004-06-06 01:00:00,6/6/2004,01:00:00,0.6,810,-200.0,3.8,702,15,1093,24,1529,612.0,21.3,54.9,1.3707
2004-06-06 02:00:00,6/6/2004,02:00:00,1.1,968,-200.0,6.6,840,47,891,58,1727,788.0,17.5,79.1,1.5709
2004-06-06 03:00:00,6/6/2004,03:00:00,1.1,922,-200.0,7.0,859,-200,871,-200,1739,728.0,17.6,78.6,1.5722
2004-06-06 04:00:00,6/6/2004,04:00:00,1.0,892,-200.0,5.2,773,49,926,62,1660,724.0,17.1,81.8,1.5816
2004-06-06 05:00:00,6/6/2004,05:00:00,0.5,806,-200.0,2.4,615,21,1172,34,1525,543.0,16.6,80.2,1.5002
2004-06-06 06:00:00,6/6/2004,06:00:00,0.7,827,-200.0,3.1,659,33,1115,46,1552,616.0,16.8,77.4,1.4739
2004-06-06 07:00:00,6/6/2004,07:00:00,1.0,881,-200.0,5.2,776,63,1037,62,1623,677.0,18.3,66.5,1.381
2004-06-06 08:00:00,6/6/2004,08:00:00,1.2,877,-200.0,5.9,808,73,1011,70,1614,723.0,20.4,55.8,1.3196
2004-06-06 09:00:00,6/6/2004,09:00:00,0.7,784,-200.0,2.8,638,51,1314,54,1412,529.0,21.6,45.3,1.1533
2004-06-06 10:00:00,6/6/2004,10:00:00,0.9,806,-200.0,3.4,675,61,1270,61,1414,528.0,23.1,39.4,1.0983
2004-06-06 11:00:00,6/6/2004,11:00:00,0.8,775,-200.0,3.0,653,52,1349,53,1365,491.0,25.4,31.6,1.0058
2004-06-06 12:00:00,6/6/2004,12:00:00,0.8,773,-200.0,3.4,676,49,1331,49,1374,489.0,26.6,29.0,0.9928
2004-06-06 13:00:00,6/6/2004,13:00:00,0.5,734,-200.0,2.3,603,40,1471,48,1303,450.0,25.9,28.8,0.9475
2004-06-06 14:00:00,6/6/2004,14:00:00,0.5,757,-200.0,2.7,635,36,1445,45,1345,451.0,27.0,28.0,0.981
2004-06-06 15:00:00,6/6/2004,15:00:00,0.7,817,-200.0,3.6,688,51,1299,60,1435,512.0,23.6,38.1,1.0917
2004-06-06 16:00:00,6/6/2004,16:00:00,0.9,815,-200.0,4.2,720,56,1225,59,1418,525.0,25.9,32.0,1.0529
2004-06-06 17:00:00,6/6/2004,17:00:00,1.0,844,-200.0,4.9,757,71,1186,67,1445,556.0,26.3,31.5,1.0643
2004-06-06 18:00:00,6/6/2004,18:00:00,1.2,880,-200.0,5.9,807,79,1123,72,1510,599.0,23.9,36.8,1.0774
2004-06-06 19:00:00,6/6/2004,19:00:00,1.3,906,-200.0,6.6,838,117,1084,88,1547,694.0,23.7,36.8,1.0609
2004-06-06 20:00:00,6/6/2004,20:00:00,1.6,904,-200.0,7.6,882,127,1048,94,1549,744.0,22.5,37.8,1.0157
2004-06-06 21:00:00,6/6/2004,21:00:00,1.4,877,-200.0,7.0,858,118,1080,89,1535,724.0,21.8,39.2,1.0115
2004-06-06 22:00:00,6/6/2004,22:00:00,1.7,918,-200.0,7.5,879,130,1030,96,1569,804.0,20.9,42.6,1.04
2004-06-06 23:00:00,6/6/2004,23:00:00,1.7,930,-200.0,8.4,914,131,991,98,1631,862.0,20.0,45.6,1.0555
2004-06-07 00:00:00,7/6/2004,00:00:00,1.4,870,-200.0,7.0,858,102,1061,95,1557,811.0,19.3,47.9,1.0590000000000002
2004-06-07 01:00:00,7/6/2004,01:00:00,0.8,793,-200.0,3.9,703,48,1222,64,1439,627.0,18.7,49.0,1.0462
2004-06-07 02:00:00,7/6/2004,02:00:00,0.4,760,-200.0,2.6,626,22,1263,38,1386,575.0,17.8,54.1,1.0938
2004-06-07 03:00:00,7/6/2004,03:00:00,0.3,733,-200.0,2.0,588,-200,1281,-200,1394,589.0,18.6,52.7,1.1206
2004-06-07 04:00:00,7/6/2004,04:00:00,-200.0,726,-200.0,2.1,591,22,1263,34,1386,579.0,17.2,57.9,1.127
2004-06-07 05:00:00,7/6/2004,05:00:00,0.5,732,-200.0,2.4,613,44,1273,40,1413,605.0,18.2,54.1,1.1155
2004-06-07 06:00:00,7/6/2004,06:00:00,1.5,933,-200.0,9.6,962,167,867,76,1705,974.0,17.3,57.6,1.1289
2004-06-07 07:00:00,7/6/2004,07:00:00,2.6,1061,-200.0,15.4,1162,220,777,90,1898,1132.0,19.9,49.4,1.1354
2004-06-07 08:00:00,7/6/2004,08:00:00,4.3,1201,-200.0,25.0,1428,285,664,118,2249,1378.0,21.7,44.2,1.1321
2004-06-07 09:00:00,7/6/2004,09:00:00,3.1,1065,-200.0,15.1,1151,272,801,118,1894,1160.0,23.5,40.0,1.1386
2004-06-07 10:00:00,7/6/2004,10:00:00,2.9,1075,-200.0,17.4,1222,238,774,122,1943,1213.0,28.4,29.7,1.1345
2004-06-07 11:00:00,7/6/2004,11:00:00,2.5,998,-200.0,14.1,1119,207,832,120,1780,1057.0,31.6,24.1,1.0994
2004-06-07 12:00:00,7/6/2004,12:00:00,1.9,922,-200.0,11.8,1042,152,887,132,1744,832.0,31.3,24.1,1.0816
2004-06-07 13:00:00,7/6/2004,13:00:00,2.5,1023,-200.0,14.9,1147,185,829,115,1842,983.0,34.4,20.4,1.0857
2004-06-07 14:00:00,7/6/2004,14:00:00,2.5,1039,-200.0,16.0,1180,184,833,127,1815,1047.0,33.7,21.3,1.0988
2004-06-07 15:00:00,7/6/2004,15:00:00,2.8,1054,-200.0,16.5,1195,205,815,126,1848,1078.0,35.9,18.9,1.0999
2004-06-07 16:00:00,7/6/2004,16:00:00,2.3,1022,-200.0,15.2,1155,172,871,113,1840,979.0,34.3,19.4,1.0279
2004-06-07 17:00:00,7/6/2004,17:00:00,3.3,1082,-200.0,18.9,1266,227,788,124,1910,1139.0,33.5,19.9,1.0112
2004-06-07 18:00:00,7/6/2004,18:00:00,2.8,1056,-200.0,19.0,1268,187,786,108,1896,1111.0,30.5,24.2,1.0386
2004-06-07 19:00:00,7/6/2004,19:00:00,4.8,1243,-200.0,28.9,1524,290,647,142,2281,1470.0,30.3,26.2,1.1161
2004-06-07 20:00:00,7/6/2004,20:00:00,2.5,1029,-200.0,13.4,1097,155,825,125,1827,980.0,27.0,36.7,1.2898
2004-06-07 21:00:00,7/6/2004,21:00:00,2.0,1004,-200.0,10.9,1011,108,867,116,1754,893.0,24.6,41.9,1.2752
2004-06-07 22:00:00,7/6/2004,22:00:00,1.8,979,-200.0,8.9,937,94,919,101,1683,858.0,23.3,44.5,1.2566
2004-06-07 23:00:00,7/6/2004,23:00:00,1.7,972,-200.0,8.5,919,103,934,101,1668,904.0,22.4,46.9,1.2544
2004-06-08 00:00:00,8/6/2004,00:00:00,1.3,942,-200.0,6.7,846,78,980,92,1615,905.0,21.7,50.8,1.3019
2004-06-08 01:00:00,8/6/2004,01:00:00,0.7,825,-200.0,4.2,720,38,1129,55,1511,678.0,21.0,51.9,1.2794
2004-06-08 02:00:00,8/6/2004,02:00:00,0.5,780,-200.0,2.5,621,26,1277,42,1452,586.0,20.5,54.3,1.2926
2004-06-08 03:00:00,8/6/2004,03:00:00,0.4,746,-200.0,1.7,565,-200,1369,-200,1423,608.0,20.9,52.5,1.2852
2004-06-08 04:00:00,8/6/2004,04:00:00,0.3,734,-200.0,1.4,538,19,1449,30,1400,514.0,21.0,53.1,1.3031
2004-06-08 05:00:00,8/6/2004,05:00:00,0.5,785,-200.0,2.8,640,35,1265,40,1467,588.0,19.6,57.1,1.2851
2004-06-08 06:00:00,8/6/2004,06:00:00,1.4,946,-200.0,8.8,931,126,917,69,1745,884.0,18.2,62.3,1.2903
2004-06-08 07:00:00,8/6/2004,07:00:00,3.3,1201,-200.0,19.4,1279,309,683,100,2144,1338.0,19.5,57.7,1.2966
2004-06-08 08:00:00,8/6/2004,08:00:00,5.8,1377,-200.0,36.1,1688,376,525,125,2746,1708.0,21.6,51.7,1.3130000000000002
2004-06-08 09:00:00,8/6/2004,09:00:00,5.0,1346,-200.0,27.1,1481,441,602,174,2367,1681.0,23.9,44.4,1.3029
2004-06-08 10:00:00,8/6/2004,10:00:00,3.5,1230,-200.0,19.0,1268,309,698,171,2049,1509.0,28.1,35.2,1.3119999999999998
2004-06-08 11:00:00,8/6/2004,11:00:00,2.9,1160,-200.0,16.9,1208,220,728,149,1925,1330.0,31.4,28.6,1.298
2004-06-08 12:00:00,8/6/2004,12:00:00,2.5,1146,-200.0,15.7,1171,168,761,124,1902,1138.0,33.7,25.5,1.3095
2004-06-08 13:00:00,8/6/2004,13:00:00,2.3,1078,-200.0,14.1,1121,149,818,119,1806,963.0,35.9,20.8,1.2103
2004-06-08 14:00:00,8/6/2004,14:00:00,2.4,1111,-200.0,16.5,1194,160,794,130,1875,1015.0,37.5,18.1,1.1529
2004-06-08 15:00:00,8/6/2004,15:00:00,2.6,1083,-200.0,14.8,1141,177,825,143,1793,1008.0,37.7,17.7,1.1383
2004-06-08 16:00:00,8/6/2004,16:00:00,2.2,1056,-200.0,13.0,1083,-200,865,-200,1723,898.0,37.8,17.4,1.1219
2004-06-08 17:00:00,8/6/2004,17:00:00,3.5,1220,-200.0,21.4,1334,176,695,183,2066,1215.0,36.6,20.6,1.2445
2004-06-08 18:00:00,8/6/2004,18:00:00,3.9,1268,-200.0,23.6,1393,202,650,161,2144,1334.0,32.5,26.0,1.2502
2004-06-08 19:00:00,8/6/2004,19:00:00,4.5,1256,-200.0,25.0,1430,255,660,170,2151,1380.0,30.8,27.2,1.1832
2004-06-08 20:00:00,8/6/2004,20:00:00,3.8,1213,-200.0,21.6,1341,210,683,143,2090,1601.0,28.8,30.2,1.1761
2004-06-08 21:00:00,8/6/2004,21:00:00,2.8,1145,-200.0,15.7,1170,157,751,123,1894,1376.0,26.7,35.4,1.2233
2004-06-08 22:00:00,8/6/2004,22:00:00,1.7,1050,-200.0,10.9,1011,96,836,89,1739,1161.0,25.3,40.7,1.291
2004-06-08 23:00:00,8/6/2004,23:00:00,1.2,972,-200.0,8.1,902,59,933,67,1647,878.0,24.9,41.2,1.2809
2004-06-09 00:00:00,9/6/2004,00:00:00,1.6,1020,-200.0,10.2,984,81,853,81,1753,1031.0,23.7,45.1,1.3033
2004-06-09 01:00:00,9/6/2004,01:00:00,1.0,934,-200.0,7.5,878,40,940,54,1644,847.0,22.5,49.0,1.3151
2004-06-09 02:00:00,9/6/2004,02:00:00,0.9,914,-200.0,5.8,801,42,965,57,1609,908.0,22.3,50.6,1.3486
2004-06-09 03:00:00,9/6/2004,03:00:00,0.5,824,-200.0,3.8,698,-200,1107,-200,1517,733.0,22.0,50.5,1.3199
2004-06-09 04:00:00,9/6/2004,04:00:00,0.5,817,-200.0,3.3,672,31,1113,51,1501,751.0,20.8,54.4,1.3229
2004-06-09 05:00:00,9/6/2004,05:00:00,0.5,833,-200.0,4.0,708,54,1084,58,1525,799.0,20.3,56.0,1.3204
2004-06-09 06:00:00,9/6/2004,06:00:00,1.0,935,-200.0,8.1,905,88,899,69,1675,954.0,20.5,54.8,1.3073
2004-06-09 07:00:00,9/6/2004,07:00:00,3.5,1297,-200.0,22.3,1359,261,630,107,2214,1425.0,21.7,50.6,1.2981
2004-06-09 08:00:00,9/6/2004,08:00:00,6.4,1496,-200.0,36.9,1705,357,507,151,2691,2147.0,23.4,46.1,1.3091
2004-06-09 09:00:00,9/6/2004,09:00:00,2.9,1201,-200.0,17.5,1224,265,701,146,1987,1532.0,25.1,43.0,1.3488
2004-06-09 10:00:00,9/6/2004,10:00:00,3.4,1267,-200.0,19.3,1276,247,676,165,2059,1570.0,30.1,32.8,1.3795
2004-06-09 11:00:00,9/6/2004,11:00:00,2.8,1224,-200.0,17.6,1228,189,711,159,1972,1380.0,34.7,25.9,1.4069
2004-06-09 12:00:00,9/6/2004,12:00:00,2.8,1247,-200.0,18.6,1257,168,701,174,2000,1337.0,37.2,23.2,1.4478
2004-06-09 13:00:00,9/6/2004,13:00:00,2.8,1183,-200.0,18.0,1241,183,721,167,1937,1308.0,39.5,18.3,1.2917
2004-06-09 14:00:00,9/6/2004,14:00:00,2.3,1078,-200.0,14.0,1116,157,815,137,1761,1013.0,40.6,15.3,1.1485
2004-06-09 15:00:00,9/6/2004,15:00:00,1.8,1076,-200.0,10.9,1012,113,894,116,1665,816.0,40.3,16.1,1.1896
2004-06-09 16:00:00,9/6/2004,16:00:00,2.0,1052,-200.0,11.1,1019,140,896,125,1610,836.0,40.3,14.2,1.0494
2004-06-09 17:00:00,9/6/2004,17:00:00,3.5,1287,-200.0,21.6,1340,230,699,194,2008,1267.0,39.6,16.7,1.1867
2004-06-09 18:00:00,9/6/2004,18:00:00,4.9,1460,-200.0,27.6,1493,277,586,222,2288,1649.0,37.3,23.4,1.4672
2004-06-09 19:00:00,9/6/2004,19:00:00,4.6,1357,-200.0,25.6,1445,295,620,206,2195,1622.0,33.7,27.7,1.4213
2004-06-09 20:00:00,9/6/2004,20:00:00,3.4,1234,-200.0,18.6,1257,212,695,162,2019,1349.0,30.7,32.2,1.3983
2004-06-09 21:00:00,9/6/2004,21:00:00,2.7,1151,-200.0,15.2,1154,151,747,132,1894,1186.0,28.4,35.7,1.3549
2004-06-09 22:00:00,9/6/2004,22:00:00,1.9,1065,-200.0,11.7,1038,110,805,107,1763,1026.0,26.5,38.6,1.3154
2004-06-09 23:00:00,9/6/2004,23:00:00,1.5,984,-200.0,8.7,929,83,917,84,1654,817.0,25.4,40.1,1.2822
2004-06-10 00:00:00,10/6/2004,00:00:00,1.0,938,-200.0,7.6,881,48,956,61,1607,662.0,24.1,43.3,1.2839
2004-06-10 01:00:00,10/6/2004,01:00:00,0.7,878,-200.0,5.2,774,27,1065,42,1527,552.0,23.9,45.6,1.3328
2004-06-10 02:00:00,10/6/2004,02:00:00,1.0,919,-200.0,5.9,807,48,967,66,1598,775.0,22.0,52.8,1.3752
2004-06-10 03:00:00,10/6/2004,03:00:00,0.6,836,-200.0,4.0,709,-200,1085,-200,1498,646.0,20.7,56.1,1.3565
2004-06-10 04:00:00,10/6/2004,04:00:00,-200.0,814,-200.0,3.3,673,33,1138,50,1488,647.0,20.1,57.3,1.3352
2004-06-10 05:00:00,10/6/2004,05:00:00,0.9,872,-200.0,5.4,782,75,1001,76,1607,874.0,19.5,59.4,1.3328
2004-06-10 06:00:00,10/6/2004,06:00:00,1.2,949,-200.0,8.7,929,101,887,78,1711,973.0,20.0,56.6,1.3095
2004-06-10 07:00:00,10/6/2004,07:00:00,2.9,1227,-200.0,19.9,1292,214,661,104,2087,1327.0,21.7,53.9,1.3848
2004-06-10 08:00:00,10/6/2004,08:00:00,4.8,1360,-200.0,30.4,1561,290,545,139,2525,1626.0,23.7,49.0,1.4152
2004-06-10 09:00:00,10/6/2004,09:00:00,4.3,1318,-200.0,24.6,1420,311,586,166,2316,1640.0,25.9,44.3,1.4544
2004-06-10 10:00:00,10/6/2004,10:00:00,3.1,1196,-200.0,16.9,1208,234,705,151,1981,1341.0,30.1,34.3,1.4414
2004-06-10 11:00:00,10/6/2004,11:00:00,2.4,1152,-200.0,13.6,1102,157,770,134,1868,1113.0,33.5,27.2,1.3859
2004-06-10 12:00:00,10/6/2004,12:00:00,2.8,1220,-200.0,15.3,1157,165,715,148,1935,1224.0,35.4,26.1,1.4806
2004-06-10 13:00:00,10/6/2004,13:00:00,2.5,1182,-200.0,14.1,1120,137,735,126,1893,1095.0,37.9,23.2,1.5019999999999998
2004-06-10 14:00:00,10/6/2004,14:00:00,2.6,1167,-200.0,17.0,1210,149,719,144,1944,1152.0,39.7,18.7,1.3306
2004-06-10 15:00:00,10/6/2004,15:00:00,2.3,1142,-200.0,13.8,1109,140,782,133,1789,1047.0,40.4,17.2,1.2774
2004-06-10 16:00:00,10/6/2004,16:00:00,2.4,1157,-200.0,13.6,1105,139,779,139,1792,982.0,40.0,18.8,1.3630000000000002
2004-06-10 17:00:00,10/6/2004,17:00:00,3.5,1274,-200.0,21.2,1329,221,670,178,2054,1320.0,38.9,18.8,1.29
2004-06-10 18:00:00,10/6/2004,18:00:00,4.8,1372,-200.0,25.9,1451,318,631,206,2183,1541.0,35.8,22.1,1.2792
2004-06-10 19:00:00,10/6/2004,19:00:00,5.1,1373,-200.0,25.4,1440,363,635,211,2183,1510.0,33.1,25.9,1.2923
2004-06-10 20:00:00,10/6/2004,20:00:00,4.7,1290,-200.0,23.6,1393,341,655,180,2146,1511.0,30.9,28.2,1.2388
2004-06-10 21:00:00,10/6/2004,21:00:00,2.4,1056,-200.0,12.0,1051,163,826,116,1758,1078.0,27.5,32.6,1.176
2004-06-10 22:00:00,10/6/2004,22:00:00,2.5,1116,-200.0,14.2,1123,157,768,118,1826,1235.0,26.3,34.3,1.1605
2004-06-10 23:00:00,10/6/2004,23:00:00,2.7,1106,-200.0,14.2,1122,202,783,115,1813,1202.0,25.5,34.1,1.0968
2004-06-11 00:00:00,11/6/2004,00:00:00,1.5,1018,-200.0,10.4,992,102,839,96,1710,1103.0,24.7,39.3,1.2065
2004-06-11 01:00:00,11/6/2004,01:00:00,1.1,919,-200.0,7.5,880,70,915,86,1628,1013.0,24.2,39.5,1.1764
2004-06-11 02:00:00,11/6/2004,02:00:00,0.6,807,-200.0,3.5,681,41,1092,65,1435,765.0,24.8,37.8,1.1639
2004-06-11 03:00:00,11/6/2004,03:00:00,0.5,787,-200.0,2.5,620,-200,1176,-200,1403,618.0,22.7,43.8,1.1952
2004-06-11 04:00:00,11/6/2004,04:00:00,0.4,789,-200.0,2.6,623,36,1146,53,1407,663.0,22.0,44.3,1.1553
2004-06-11 05:00:00,11/6/2004,05:00:00,0.6,825,-200.0,4.0,709,68,1050,74,1491,813.0,19.3,51.4,1.1364
2004-06-11 06:00:00,11/6/2004,06:00:00,1.0,912,-200.0,7.0,858,92,923,69,1608,894.0,19.8,50.4,1.1525
2004-06-11 07:00:00,11/6/2004,07:00:00,4.6,1339,-200.0,24.8,1425,332,595,131,2264,1495.0,20.5,48.2,1.1474
2004-06-11 08:00:00,11/6/2004,08:00:00,4.8,1355,-200.0,28.9,1526,333,567,134,2397,1658.0,22.8,42.7,1.1667
2004-06-11 09:00:00,11/6/2004,09:00:00,4.0,1250,-200.0,21.5,1336,298,632,148,2104,1506.0,25.6,35.8,1.1548
2004-06-11 10:00:00,11/6/2004,10:00:00,-200.0,1105,-200.0,12.9,1079,-200,788,-200,1774,1168.0,30.0,27.5,1.1509
2004-06-11 11:00:00,11/6/2004,11:00:00,2.0,1076,-200.0,12.2,1055,146,817,-200,1734,993.0,34.4,21.0,1.1248
2004-06-11 12:00:00,11/6/2004,12:00:00,2.0,1096,-200.0,13.1,1087,120,801,111,1759,910.0,35.9,19.6,1.1422
2004-06-11 13:00:00,11/6/2004,13:00:00,2.0,1093,-200.0,13.3,1094,108,797,110,1769,912.0,37.2,18.2,1.1389
2004-06-11 14:00:00,11/6/2004,14:00:00,1.9,1027,-200.0,12.5,1066,109,837,110,1689,814.0,37.3,16.6,1.0435
2004-06-11 15:00:00,11/6/2004,15:00:00,1.9,1026,-200.0,13.0,1085,124,848,116,1654,1341.0,37.4,14.9,0.9413
2004-06-11 16:00:00,11/6/2004,16:00:00,1.9,1015,-200.0,12.3,1062,127,877,120,1668,847.0,36.4,15.1,0.9005
2004-06-11 17:00:00,11/6/2004,17:00:00,2.6,1028,-200.0,15.2,1155,185,832,142,1691,925.0,35.4,14.7,0.8323
2004-06-11 18:00:00,11/6/2004,18:00:00,3.2,1074,-200.0,19.1,1270,230,776,146,1833,1087.0,34.2,14.2,0.7502
2004-06-11 19:00:00,11/6/2004,19:00:00,3.4,1124,-200.0,19.7,1289,265,765,153,1863,1132.0,31.1,18.7,0.8302
2004-06-11 20:00:00,11/6/2004,20:00:00,3.4,1111,-200.0,18.6,1256,261,765,158,1851,1197.0,29.1,22.0,0.8702
2004-06-11 21:00:00,11/6/2004,21:00:00,2.9,1062,-200.0,16.1,1183,219,794,140,1731,1229.0,27.2,22.5,0.7962
2004-06-11 22:00:00,11/6/2004,22:00:00,2.7,1072,-200.0,15.0,1148,180,805,127,1683,1171.0,25.3,24.6,0.7796
2004-06-11 23:00:00,11/6/2004,23:00:00,1.3,936,-200.0,7.3,871,108,990,97,1430,921.0,24.9,27.2,0.8429
2004-06-12 00:00:00,12/6/2004,00:00:00,1.3,988,-200.0,8.9,937,98,894,91,1543,1008.0,23.5,32.2,0.922
2004-06-12 01:00:00,12/6/2004,01:00:00,0.9,924,-200.0,6.6,839,57,957,68,1453,849.0,23.5,32.7,0.9349
2004-06-12 02:00:00,12/6/2004,02:00:00,0.6,839,-200.0,4.3,725,36,1052,52,1368,668.0,24.1,32.0,0.9467
2004-06-12 03:00:00,12/6/2004,03:00:00,0.5,826,-200.0,3.2,666,-200,1109,-200,1349,641.0,22.6,34.8,0.9441
2004-06-12 04:00:00,12/6/2004,04:00:00,0.5,853,-200.0,4.1,716,45,1047,58,1414,707.0,20.8,40.2,0.9725
2004-06-12 05:00:00,12/6/2004,05:00:00,0.9,918,-200.0,6.0,810,87,936,78,1524,939.0,18.8,46.6,1.0027
2004-06-12 06:00:00,12/6/2004,06:00:00,0.7,890,-200.0,5.6,791,62,950,61,1489,886.0,19.8,46.0,1.0524
2004-06-12 07:00:00,12/6/2004,07:00:00,0.6,865,-200.0,4.8,752,65,996,64,1451,837.0,21.3,42.3,1.0625
2004-06-12 08:00:00,12/6/2004,08:00:00,1.3,1003,-200.0,8.9,937,125,850,81,1622,1005.0,21.3,41.8,1.0449
2004-06-12 09:00:00,12/6/2004,09:00:00,1.9,1123,-200.0,13.1,1088,157,746,92,1789,1191.0,24.0,36.6,1.0772
2004-06-12 10:00:00,12/6/2004,10:00:00,2.1,1146,-200.0,14.1,1119,171,746,101,1823,1200.0,27.2,30.7,1.0884
2004-06-12 11:00:00,12/6/2004,11:00:00,1.8,1110,-200.0,11.2,1021,119,820,96,1724,971.0,32.3,23.6,1.1271
2004-06-12 12:00:00,12/6/2004,12:00:00,1.8,1126,-200.0,10.0,979,110,849,101,1700,907.0,31.9,25.8,1.2023
2004-06-12 13:00:00,12/6/2004,13:00:00,1.6,1067,-200.0,9.6,962,95,860,91,1658,802.0,35.1,21.8,1.2093
2004-06-12 14:00:00,12/6/2004,14:00:00,1.2,1008,-200.0,7.2,866,58,937,68,1573,695.0,36.0,20.5,1.1995
2004-06-12 15:00:00,12/6/2004,15:00:00,1.2,1062,-200.0,8.6,924,69,892,76,1683,777.0,37.0,20.1,1.2423
2004-06-12 16:00:00,12/6/2004,16:00:00,1.4,1082,-200.0,9.0,939,76,869,84,1678,818.0,36.4,21.0,1.2515
2004-06-12 17:00:00,12/6/2004,17:00:00,1.3,1042,-200.0,7.9,897,63,901,76,1605,681.0,35.2,22.6,1.2670000000000001
2004-06-12 18:00:00,12/6/2004,18:00:00,1.1,1022,-200.0,6.2,823,51,964,61,1599,631.0,32.5,27.6,1.3229
2004-06-12 19:00:00,12/6/2004,19:00:00,1.1,1024,-200.0,6.3,828,46,936,52,1601,641.0,29.1,35.1,1.3919
2004-06-12 20:00:00,12/6/2004,20:00:00,1.1,1048,-200.0,6.3,828,52,922,59,1618,683.0,26.9,39.7,1.3898
2004-06-12 21:00:00,12/6/2004,21:00:00,1.8,1153,-200.0,11.2,1022,84,765,89,1806,1013.0,26.1,42.2,1.4039
2004-06-12 22:00:00,12/6/2004,22:00:00,2.3,1195,-200.0,12.8,1077,130,731,113,1860,1151.0,25.5,43.8,1.4095
2004-06-12 23:00:00,12/6/2004,23:00:00,2.6,1245,-200.0,13.2,1091,147,734,112,1870,1134.0,24.9,45.6,1.4135
2004-06-13 00:00:00,13/06/2004,00:00:00,2.0,1086,-200.0,9.2,946,126,847,89,1729,945.0,25.2,45.2,1.4262
2004-06-13 01:00:00,13/06/2004,01:00:00,1.0,972,-200.0,5.8,804,47,955,53,1620,734.0,25.4,45.5,1.4569999999999999
2004-06-13 02:00:00,13/06/2004,02:00:00,0.6,880,-200.0,3.4,677,24,1109,36,1500,554.0,26.2,43.6,1.4599
2004-06-13 03:00:00,13/06/2004,03:00:00,0.6,906,-200.0,4.1,719,-200,1050,-200,1561,612.0,24.3,48.2,1.4476
2004-06-13 04:00:00,13/06/2004,04:00:00,0.5,879,-200.0,3.1,658,25,1121,39,1511,564.0,24.4,48.3,1.4499
2004-06-13 05:00:00,13/06/2004,05:00:00,0.4,842,-200.0,2.2,597,21,1237,33,1444,512.0,23.3,51.0,1.4346
2004-06-13 06:00:00,13/06/2004,06:00:00,0.4,797,-200.0,1.5,543,25,1466,37,1347,410.0,21.6,48.1,1.2259
2004-06-13 07:00:00,13/06/2004,07:00:00,0.4,796,-200.0,1.3,526,25,1534,36,1322,392.0,21.4,47.8,1.2005
2004-06-13 08:00:00,13/06/2004,08:00:00,0.4,767,-200.0,1.2,520,30,1526,42,1287,377.0,20.5,46.8,1.1152
2004-06-13 09:00:00,13/06/2004,09:00:00,0.5,784,-200.0,1.7,562,42,1460,52,1286,389.0,20.8,40.7,0.9882
2004-06-13 10:00:00,13/06/2004,10:00:00,0.6,811,-200.0,2.5,622,52,1315,60,1307,432.0,22.3,35.3,0.9371
2004-06-13 11:00:00,13/06/2004,11:00:00,0.7,838,-200.0,2.5,620,62,1292,74,1325,502.0,21.7,38.3,0.9842
2004-06-13 12:00:00,13/06/2004,12:00:00,0.7,821,-200.0,2.7,632,67,1295,65,1302,469.0,24.4,29.6,0.8921
2004-06-13 13:00:00,13/06/2004,13:00:00,0.6,793,-200.0,1.9,579,47,1380,52,1303,427.0,23.4,34.9,0.991
2004-06-13 14:00:00,13/06/2004,14:00:00,0.5,794,-200.0,1.8,567,35,1426,40,1306,406.0,23.5,35.2,1.0019
2004-06-13 15:00:00,13/06/2004,15:00:00,0.6,821,-200.0,2.4,614,45,1309,49,1350,430.0,22.4,39.0,1.04
2004-06-13 16:00:00,13/06/2004,16:00:00,0.8,849,-200.0,2.6,628,53,1274,56,1379,453.0,22.0,41.7,1.0865
2004-06-13 17:00:00,13/06/2004,17:00:00,0.8,852,-200.0,3.0,651,57,1246,59,1387,470.0,21.7,42.7,1.0949
2004-06-13 18:00:00,13/06/2004,18:00:00,1.0,847,-200.0,2.9,645,71,1245,68,1364,480.0,20.7,43.4,1.047
2004-06-13 19:00:00,13/06/2004,19:00:00,1.0,849,-200.0,3.5,682,67,1215,72,1378,472.0,20.3,42.6,1.0045
2004-06-13 20:00:00,13/06/2004,20:00:00,1.0,865,-200.0,3.6,687,75,1191,78,1388,521.0,20.3,44.1,1.0392
2004-06-13 21:00:00,13/06/2004,21:00:00,0.9,848,-200.0,3.6,689,65,1180,71,1403,520.0,20.1,45.2,1.0538
2004-06-13 22:00:00,13/06/2004,22:00:00,0.7,807,-200.0,2.3,606,45,1340,54,1337,440.0,19.8,45.7,1.0424
2004-06-13 23:00:00,13/06/2004,23:00:00,0.8,814,-200.0,2.6,627,46,1305,57,1351,446.0,19.6,45.3,1.0244
2004-06-14 00:00:00,14/06/2004,00:00:00,0.7,785,-200.0,2.0,582,33,1377,45,1311,417.0,19.4,45.9,1.0242
2004-06-14 01:00:00,14/06/2004,01:00:00,0.5,748,-200.0,1.2,515,19,1580,30,1261,381.0,19.7,44.8,1.0172
2004-06-14 02:00:00,14/06/2004,02:00:00,0.3,716,-200.0,0.7,461,9,1795,16,1235,350.0,19.5,46.3,1.0363
2004-06-14 03:00:00,14/06/2004,03:00:00,0.3,708,-200.0,0.5,437,-200,1941,-200,1227,334.0,19.0,49.0,1.063
2004-06-14 04:00:00,14/06/2004,04:00:00,-200.0,724,-200.0,0.5,448,12,1917,18,1256,346.0,19.1,50.7,1.109
2004-06-14 05:00:00,14/06/2004,05:00:00,0.3,748,-200.0,0.8,477,21,1703,28,1301,380.0,19.1,52.7,1.1545
2004-06-14 06:00:00,14/06/2004,06:00:00,0.7,888,-200.0,3.5,683,66,1196,62,1483,563.0,20.3,49.3,1.1596
2004-06-14 07:00:00,14/06/2004,07:00:00,1.5,973,-200.0,7.0,858,137,941,92,1584,779.0,21.1,46.2,1.1389
2004-06-14 08:00:00,14/06/2004,08:00:00,1.8,993,-200.0,8.7,927,151,886,96,1665,842.0,21.5,44.5,1.129
2004-06-14 09:00:00,14/06/2004,09:00:00,1.4,929,-200.0,6.3,825,115,992,87,1561,692.0,22.4,43.6,1.1637
2004-06-14 10:00:00,14/06/2004,10:00:00,1.5,962,-200.0,7.0,858,118,941,84,1613,779.0,24.8,39.1,1.2039
2004-06-14 11:00:00,14/06/2004,11:00:00,1.2,906,-200.0,5.5,786,95,1026,73,1538,633.0,23.9,42.1,1.2335
2004-06-14 12:00:00,14/06/2004,12:00:00,1.2,915,-200.0,5.3,776,86,1029,72,1544,616.0,25.5,38.3,1.2328
2004-06-14 13:00:00,14/06/2004,13:00:00,1.3,928,-200.0,5.5,787,85,1012,68,1585,606.0,25.4,39.2,1.2534
2004-06-14 14:00:00,14/06/2004,14:00:00,1.0,855,-200.0,3.8,698,66,1134,62,1449,526.0,25.6,37.0,1.2006
2004-06-14 15:00:00,14/06/2004,15:00:00,1.4,920,-200.0,5.4,783,74,1046,70,1550,588.0,24.5,38.4,1.1669
2004-06-14 16:00:00,14/06/2004,16:00:00,1.6,917,-200.0,6.7,842,108,985,83,1563,674.0,23.9,39.9,1.1639
2004-06-14 17:00:00,14/06/2004,17:00:00,2.7,1072,-200.0,12.2,1057,150,812,92,1820,885.0,24.2,39.2,1.1665
2004-06-14 18:00:00,14/06/2004,18:00:00,2.3,1000,-200.0,10.2,985,157,846,103,1726,879.0,23.5,41.2,1.1759
2004-06-14 19:00:00,14/06/2004,19:00:00,1.5,914,-200.0,6.7,845,93,972,82,1583,703.0,22.3,44.9,1.1973
2004-06-14 20:00:00,14/06/2004,20:00:00,1.4,888,-200.0,5.7,799,76,1023,74,1531,637.0,21.7,46.5,1.1917
2004-06-14 21:00:00,14/06/2004,21:00:00,1.0,851,-200.0,4.1,718,57,1134,67,1471,561.0,22.0,44.9,1.1699
2004-06-14 22:00:00,14/06/2004,22:00:00,1.1,870,-200.0,4.7,749,64,1096,74,1487,612.0,22.2,44.1,1.1654
2004-06-14 23:00:00,14/06/2004,23:00:00,1.2,883,-200.0,5.2,773,59,1062,72,1514,621.0,21.8,45.6,1.1763
2004-06-15 00:00:00,15/06/2004,00:00:00,1.2,886,-200.0,5.1,767,68,1055,79,1532,702.0,21.6,46.0,1.1742
2004-06-15 01:00:00,15/06/2004,01:00:00,0.7,792,-200.0,2.8,637,31,1249,43,1400,559.0,21.6,45.8,1.1715
2004-06-15 02:00:00,15/06/2004,02:00:00,0.5,754,-200.0,1.4,535,21,1490,33,1335,435.0,20.7,48.3,1.168
2004-06-15 03:00:00,15/06/2004,03:00:00,0.4,732,-200.0,1.0,503,-200,1525,-200,1321,441.0,21.0,47.1,1.1546
2004-06-15 04:00:00,15/06/2004,04:00:00,0.4,770,-200.0,2.0,586,24,1326,38,1392,527.0,20.8,48.5,1.18
2004-06-15 05:00:00,15/06/2004,05:00:00,0.5,797,-200.0,3.0,654,38,1097,51,1450,720.0,20.8,49.4,1.1994
2004-06-15 06:00:00,15/06/2004,06:00:00,1.0,915,-200.0,7.5,877,92,897,69,1651,937.0,19.9,51.8,1.1911
2004-06-15 07:00:00,15/06/2004,07:00:00,4.4,1287,-200.0,24.7,1423,311,610,116,2319,1482.0,20.9,49.3,1.2049
2004-06-15 08:00:00,15/06/2004,08:00:00,4.0,1195,-200.0,24.8,1424,260,609,119,2244,1489.0,23.7,39.9,1.1508
2004-06-15 09:00:00,15/06/2004,09:00:00,2.4,1003,-200.0,10.9,1009,181,823,96,1710,1015.0,25.3,35.8,1.1421
2004-06-15 10:00:00,15/06/2004,10:00:00,2.1,1037,-200.0,11.9,1046,177,838,109,1763,1004.0,28.8,29.1,1.1349
2004-06-15 11:00:00,15/06/2004,11:00:00,2.7,1114,-200.0,16.0,1181,180,747,115,1928,1129.0,30.3,26.9,1.1399
2004-06-15 12:00:00,15/06/2004,12:00:00,2.8,1085,-200.0,15.7,1171,174,767,118,1863,1068.0,32.8,23.3,1.138
2004-06-15 13:00:00,15/06/2004,13:00:00,2.3,1024,-200.0,13.1,1087,140,824,118,1745,924.0,33.9,21.4,1.1135
2004-06-15 14:00:00,15/06/2004,14:00:00,2.0,1017,-200.0,12.2,1057,122,859,112,1698,861.0,35.3,19.6,1.1036
2004-06-15 15:00:00,15/06/2004,15:00:00,2.6,1053,-200.0,15.8,1173,189,785,140,1808,981.0,34.0,20.8,1.0898
2004-06-15 16:00:00,15/06/2004,16:00:00,2.7,1065,-200.0,16.6,1198,169,766,137,1852,1043.0,35.3,18.8,1.0572
2004-06-15 17:00:00,15/06/2004,17:00:00,3.1,1136,-200.0,18.4,1250,172,722,143,1940,1124.0,32.6,24.1,1.1688
2004-06-15 18:00:00,15/06/2004,18:00:00,3.1,1100,-200.0,16.7,1202,154,732,148,1856,1004.0,30.8,28.7,1.2507
2004-06-15 19:00:00,15/06/2004,19:00:00,3.6,1143,-200.0,20.8,1319,192,673,158,2001,1190.0,28.7,31.2,1.2099
2004-06-15 20:00:00,15/06/2004,20:00:00,2.9,1083,-200.0,15.3,1157,160,742,127,1884,1072.0,26.8,35.1,1.2201
2004-06-15 21:00:00,15/06/2004,21:00:00,2.2,1009,-200.0,11.5,1034,110,806,109,1763,925.0,25.3,39.4,1.2524
2004-06-15 22:00:00,15/06/2004,22:00:00,2.0,969,-200.0,10.1,983,97,853,101,1680,862.0,23.9,40.9,1.1966
2004-06-15 23:00:00,15/06/2004,23:00:00,2.1,1029,-200.0,10.4,993,124,816,114,1728,969.0,23.0,44.4,1.2354
2004-06-16 00:00:00,16/06/2004,00:00:00,1.9,1064,-200.0,9.4,956,108,812,104,1770,932.0,22.2,53.9,1.4237
2004-06-16 01:00:00,16/06/2004,01:00:00,1.4,986,-200.0,6.9,853,61,865,81,1645,794.0,20.9,59.8,1.4659
2004-06-16 02:00:00,16/06/2004,02:00:00,0.8,872,-200.0,4.0,709,34,1034,51,1522,599.0,21.3,58.1,1.4569999999999999
2004-06-16 03:00:00,16/06/2004,03:00:00,0.6,840,-200.0,3.0,654,-200,1124,-200,1489,614.0,20.8,58.4,1.4189
2004-06-16 04:00:00,16/06/2004,04:00:00,0.6,812,-200.0,2.6,626,24,1134,40,1471,625.0,20.3,58.9,1.3878
2004-06-16 05:00:00,16/06/2004,05:00:00,0.5,810,-200.0,2.4,612,27,1163,34,1462,595.0,21.3,54.5,1.3682
2004-06-16 06:00:00,16/06/2004,06:00:00,1.0,936,-200.0,6.8,849,70,882,61,1640,886.0,20.6,57.4,1.3753
2004-06-16 07:00:00,16/06/2004,07:00:00,2.7,1244,-200.0,18.9,1265,176,640,95,2084,1257.0,21.3,56.9,1.4226
2004-06-16 08:00:00,16/06/2004,08:00:00,5.0,1440,-200.0,30.2,1556,310,517,142,2530,1561.0,22.9,52.4,1.4442
2004-06-16 09:00:00,16/06/2004,09:00:00,3.3,1180,-200.0,14.9,1145,221,713,128,1929,1191.0,24.1,46.5,1.3802
2004-06-16 10:00:00,16/06/2004,10:00:00,2.4,1126,-200.0,12.2,1058,168,765,115,1879,1061.0,27.1,38.8,1.3705
2004-06-16 11:00:00,16/06/2004,11:00:00,1.7,1005,-200.0,8.3,910,109,881,84,1670,751.0,28.4,34.4,1.314
2004-06-16 12:00:00,16/06/2004,12:00:00,1.7,1032,-200.0,9.0,940,102,862,85,1703,733.0,30.1,30.9,1.2958
2004-06-16 13:00:00,16/06/2004,13:00:00,2.4,1087,-200.0,13.7,1106,129,755,110,1839,906.0,32.7,25.8,1.2547
2004-06-16 14:00:00,16/06/2004,14:00:00,2.2,1090,-200.0,14.1,1119,117,756,107,1811,902.0,32.4,25.7,1.2271
2004-06-16 15:00:00,16/06/2004,15:00:00,2.2,1072,-200.0,12.0,1050,112,802,107,1748,836.0,33.6,24.4,1.2472
2004-06-16 16:00:00,16/06/2004,16:00:00,2.3,1101,-200.0,12.2,1057,122,797,113,1772,863.0,33.0,26.0,1.2877
2004-06-16 17:00:00,16/06/2004,17:00:00,2.6,1111,-200.0,13.1,1086,114,787,107,1802,824.0,33.2,23.7,1.1855
2004-06-16 18:00:00,16/06/2004,18:00:00,2.3,1048,-200.0,12.6,1070,111,807,106,1737,842.0,31.3,25.4,1.1415
2004-06-16 19:00:00,16/06/2004,19:00:00,3.3,1197,-200.0,18.3,1249,158,698,125,1986,1132.0,28.3,31.7,1.1968
2004-06-16 20:00:00,16/06/2004,20:00:00,3.5,1173,-200.0,17.2,1217,202,695,139,1930,1175.0,26.5,35.0,1.1981
2004-06-16 21:00:00,16/06/2004,21:00:00,2.5,1075,-200.0,12.9,1079,166,764,117,1798,1111.0,24.4,40.0,1.2079
2004-06-16 22:00:00,16/06/2004,22:00:00,2.5,1067,-200.0,13.7,1106,143,745,107,1840,1125.0,23.3,43.4,1.2251
2004-06-16 23:00:00,16/06/2004,23:00:00,2.4,1060,-200.0,13.4,1099,122,742,98,1838,1077.0,22.5,45.3,1.2226
2004-06-17 00:00:00,17/06/2004,00:00:00,2.5,1081,-200.0,13.5,1099,113,749,97,1854,1087.0,21.8,47.8,1.2325
2004-06-17 01:00:00,17/06/2004,01:00:00,2.1,1017,-200.0,9.9,975,109,822,95,1722,1014.0,20.9,51.0,1.2446
2004-06-17 02:00:00,17/06/2004,02:00:00,1.0,836,-200.0,4.4,734,53,1035,68,1501,801.0,20.8,51.7,1.2572
2004-06-17 03:00:00,17/06/2004,03:00:00,0.8,831,-200.0,4.3,727,-200,1038,-200,1522,802.0,19.3,57.1,1.2661
2004-06-17 04:00:00,17/06/2004,04:00:00,-200.0,804,-200.0,3.3,668,32,1102,51,1479,753.0,18.8,58.6,1.2581
2004-06-17 05:00:00,17/06/2004,05:00:00,0.5,798,-200.0,3.4,677,35,1092,44,1473,696.0,20.2,53.8,1.2569
2004-06-17 06:00:00,17/06/2004,06:00:00,1.3,966,-200.0,9.3,951,123,812,77,1735,996.0,18.3,60.8,1.2635
2004-06-17 07:00:00,17/06/2004,07:00:00,3.6,1277,-200.0,23.4,1388,254,611,100,2241,1513.0,20.2,54.5,1.2777
2004-06-17 08:00:00,17/06/2004,08:00:00,4.8,1335,-200.0,27.7,1496,300,562,125,2385,1598.0,21.9,49.9,1.2957
2004-06-17 09:00:00,17/06/2004,09:00:00,3.7,1297,-200.0,22.1,1353,281,588,154,2128,1690.0,25.2,43.0,1.3548
2004-06-17 10:00:00,17/06/2004,10:00:00,1.9,1041,-200.0,10.0,979,169,837,125,1705,1053.0,28.0,36.6,1.3603
2004-06-17 11:00:00,17/06/2004,11:00:00,1.7,1027,-200.0,8.9,936,152,867,117,1696,931.0,27.1,38.3,1.3548
2004-06-17 12:00:00,17/06/2004,12:00:00,1.9,1037,-200.0,9.8,969,127,841,105,1728,865.0,27.4,37.0,1.3319
2004-06-17 13:00:00,17/06/2004,13:00:00,1.8,1014,-200.0,9.4,954,118,865,103,1697,818.0,29.4,32.9,1.3244
2004-06-17 14:00:00,17/06/2004,14:00:00,1.7,1007,-200.0,9.8,971,120,866,106,1682,802.0,31.3,28.7,1.2885
2004-06-17 15:00:00,17/06/2004,15:00:00,1.8,998,-200.0,9.5,958,125,881,107,1657,778.0,31.5,28.7,1.3058
2004-06-17 16:00:00,17/06/2004,16:00:00,1.7,1014,-200.0,9.5,958,117,878,102,1684,767.0,30.9,30.3,1.3306
2004-06-17 17:00:00,17/06/2004,17:00:00,2.8,1157,-200.0,15.4,1160,166,738,124,1936,1000.0,31.4,30.3,1.3689
2004-06-17 18:00:00,17/06/2004,18:00:00,3.6,1225,-200.0,19.4,1281,180,683,133,2082,1143.0,30.7,31.4,1.3686
2004-06-17 19:00:00,17/06/2004,19:00:00,3.3,1131,-200.0,16.5,1194,172,726,125,1907,1009.0,29.0,33.4,1.3169
2004-06-17 20:00:00,17/06/2004,20:00:00,2.9,1111,-200.0,14.3,1126,160,754,124,1883,1076.0,27.3,37.5,1.3419999999999999
2004-06-17 21:00:00,17/06/2004,21:00:00,1.7,976,-200.0,8.2,909,103,878,97,1675,830.0,25.8,40.9,1.3389
2004-06-17 22:00:00,17/06/2004,22:00:00,1.7,1016,-200.0,8.7,929,87,868,94,1724,853.0,25.2,43.0,1.358
2004-06-17 23:00:00,17/06/2004,23:00:00,2.8,1177,-200.0,15.2,1156,147,684,120,1983,1310.0,24.6,45.8,1.3940000000000001
2004-06-18 00:00:00,18/06/2004,00:00:00,1.8,1013,-200.0,10.6,999,120,791,105,1751,1119.0,24.0,47.3,1.3914
2004-06-18 01:00:00,18/06/2004,01:00:00,1.0,886,-200.0,6.0,813,63,936,81,1592,918.0,23.5,48.3,1.3777
2004-06-18 02:00:00,18/06/2004,02:00:00,0.5,791,-200.0,3.1,658,30,1140,43,1467,609.0,24.0,45.8,1.3467
2004-06-18 03:00:00,18/06/2004,03:00:00,0.4,762,-200.0,2.5,618,-200,1214,-200,1431,516.0,22.2,50.7,1.3405
2004-06-18 04:00:00,18/06/2004,04:00:00,0.3,740,-200.0,1.8,568,19,1259,32,1404,510.0,22.8,48.1,1.3184
2004-06-18 05:00:00,18/06/2004,05:00:00,0.4,775,-200.0,2.6,628,27,1178,36,1437,554.0,21.9,50.1,1.3002
2004-06-18 06:00:00,18/06/2004,06:00:00,0.8,872,-200.0,6.5,833,65,947,59,1598,760.0,20.4,54.1,1.28
2004-06-18 07:00:00,18/06/2004,07:00:00,2.2,1123,-200.0,14.5,1134,169,711,92,1922,1170.0,20.8,52.6,1.2758
2004-06-18 08:00:00,18/06/2004,08:00:00,4.4,1306,-200.0,28.8,1522,244,535,121,2450,1545.0,22.8,47.9,1.3156
2004-06-18 09:00:00,18/06/2004,09:00:00,3.7,1237,-200.0,21.3,1332,274,605,151,2157,1508.0,25.2,42.9,1.3552
2004-06-18 10:00:00,18/06/2004,10:00:00,2.5,1143,-200.0,14.9,1146,202,701,142,1917,1292.0,29.3,34.8,1.3969999999999998
2004-06-18 11:00:00,18/06/2004,11:00:00,2.5,1170,-200.0,15.6,1168,186,703,141,1949,1287.0,33.3,27.8,1.4013
2004-06-18 12:00:00,18/06/2004,12:00:00,2.3,1116,-200.0,14.3,1128,153,739,129,1856,1042.0,34.9,24.9,1.3630000000000002
2004-06-18 13:00:00,18/06/2004,13:00:00,2.0,1054,-200.0,12.6,1069,112,785,106,1766,817.0,36.1,22.7,1.3324
2004-06-18 14:00:00,18/06/2004,14:00:00,2.0,1083,-200.0,13.4,1097,117,765,125,1810,847.0,37.6,21.1,1.3478
2004-06-18 15:00:00,18/06/2004,15:00:00,2.1,1078,-200.0,12.6,1069,109,782,126,1780,806.0,37.3,21.9,1.3761
2004-06-18 16:00:00,18/06/2004,16:00:00,2.4,1104,-200.0,14.8,1143,133,747,147,1840,896.0,37.2,21.6,1.3514
2004-06-18 17:00:00,18/06/2004,17:00:00,3.1,1170,-200.0,18.6,1257,185,693,180,1956,1069.0,35.6,23.4,1.341
2004-06-18 18:00:00,18/06/2004,18:00:00,2.9,1091,-200.0,16.7,1201,167,738,164,1834,945.0,33.1,24.3,1.2087
2004-06-18 19:00:00,18/06/2004,19:00:00,3.5,1216,-200.0,20.8,1318,218,673,180,2043,1168.0,30.5,29.5,1.2635
2004-06-18 20:00:00,18/06/2004,20:00:00,2.9,1125,-200.0,16.0,1179,171,719,153,1921,1065.0,28.7,35.8,1.3834
2004-06-18 21:00:00,18/06/2004,21:00:00,1.5,971,-200.0,7.6,881,78,916,105,1635,672.0,26.6,42.2,1.4452
2004-06-18 22:00:00,18/06/2004,22:00:00,1.7,1062,-200.0,10.2,984,84,816,98,1796,842.0,25.2,46.6,1.4733
2004-06-18 23:00:00,18/06/2004,23:00:00,2.2,1140,-200.0,13.8,1109,110,714,107,1892,1123.0,24.7,47.7,1.4649
2004-06-19 00:00:00,19/06/2004,00:00:00,1.6,1038,-200.0,10.4,992,87,802,87,1731,1007.0,24.4,47.4,1.4301
2004-06-19 01:00:00,19/06/2004,01:00:00,1.0,935,-200.0,6.5,836,58,909,80,1604,855.0,23.3,49.9,1.4135
2004-06-19 02:00:00,19/06/2004,02:00:00,0.6,861,-200.0,4.3,729,39,1043,62,1528,689.0,23.8,47.3,1.3783
2004-06-19 03:00:00,19/06/2004,03:00:00,0.6,839,-200.0,3.4,678,-200,1062,-200,1478,622.0,22.9,50.2,1.3808
2004-06-19 04:00:00,19/06/2004,04:00:00,0.6,850,-200.0,3.9,703,38,1021,54,1511,658.0,21.2,55.0,1.3689
2004-06-19 05:00:00,19/06/2004,05:00:00,0.5,817,-200.0,3.0,651,41,1109,56,1472,628.0,21.7,52.6,1.35
2004-06-19 06:00:00,19/06/2004,06:00:00,0.5,825,-200.0,3.2,667,47,1079,62,1475,659.0,22.8,48.9,1.3424
2004-06-19 07:00:00,19/06/2004,07:00:00,0.9,921,-200.0,5.6,792,72,943,72,1595,799.0,23.5,47.6,1.3611
2004-06-19 08:00:00,19/06/2004,08:00:00,1.4,1031,-200.0,9.1,945,100,806,86,1697,964.0,24.6,44.9,1.3661
2004-06-19 09:00:00,19/06/2004,09:00:00,1.6,1092,-200.0,9.7,967,104,801,99,1774,910.0,27.0,39.9,1.402
2004-06-19 10:00:00,19/06/2004,10:00:00,1.6,1095,-200.0,8.6,923,109,843,98,1736,999.0,29.3,35.9,1.4411
2004-06-19 11:00:00,19/06/2004,11:00:00,1.7,1097,-200.0,9.6,964,103,822,102,1743,853.0,31.2,32.4,1.4517
2004-06-19 12:00:00,19/06/2004,12:00:00,1.7,1101,-200.0,9.8,972,75,819,84,1714,752.0,34.4,26.6,1.423
2004-06-19 13:00:00,19/06/2004,13:00:00,1.5,1060,-200.0,10.3,991,72,833,83,1718,778.0,36.1,22.1,1.3004
2004-06-19 14:00:00,19/06/2004,14:00:00,1.2,-200,-200.0,-200.0,-200,56,-200,68,-200,-200.0,-200.0,-200.0,-200.0
2004-06-19 15:00:00,19/06/2004,15:00:00,1.2,-200,-200.0,-200.0,-200,51,-200,63,-200,-200.0,-200.0,-200.0,-200.0
2004-06-19 16:00:00,19/06/2004,16:00:00,1.1,-200,-200.0,-200.0,-200,52,-200,65,-200,-200.0,-200.0,-200.0,-200.0
2004-06-19 17:00:00,19/06/2004,17:00:00,1.0,-200,-200.0,-200.0,-200,46,-200,63,-200,-200.0,-200.0,-200.0,-200.0
2004-06-19 18:00:00,19/06/2004,18:00:00,1.1,-200,-200.0,-200.0,-200,44,-200,56,-200,-200.0,-200.0,-200.0,-200.0
2004-06-19 19:00:00,19/06/2004,19:00:00,1.6,-200,-200.0,-200.0,-200,72,-200,77,-200,-200.0,-200.0,-200.0,-200.0
2004-06-19 20:00:00,19/06/2004,20:00:00,1.7,-200,-200.0,-200.0,-200,88,-200,91,-200,-200.0,-200.0,-200.0,-200.0
2004-06-19 21:00:00,19/06/2004,21:00:00,1.4,-200,-200.0,-200.0,-200,56,-200,70,-200,-200.0,-200.0,-200.0,-200.0
2004-06-19 22:00:00,19/06/2004,22:00:00,1.7,-200,-200.0,-200.0,-200,82,-200,95,-200,-200.0,-200.0,-200.0,-200.0
2004-06-19 23:00:00,19/06/2004,23:00:00,2.4,-200,-200.0,-200.0,-200,125,-200,113,-200,-200.0,-200.0,-200.0,-200.0
2004-06-20 00:00:00,20/06/2004,00:00:00,2.3,-200,-200.0,-200.0,-200,144,-200,109,-200,-200.0,-200.0,-200.0,-200.0
2004-06-20 01:00:00,20/06/2004,01:00:00,1.2,-200,-200.0,-200.0,-200,54,-200,65,-200,-200.0,-200.0,-200.0,-200.0
2004-06-20 02:00:00,20/06/2004,02:00:00,1.0,-200,-200.0,-200.0,-200,48,-200,60,-200,-200.0,-200.0,-200.0,-200.0
2004-06-20 03:00:00,20/06/2004,03:00:00,1.4,-200,-200.0,-200.0,-200,-200,-200,-200,-200,-200.0,-200.0,-200.0,-200.0
2004-06-20 04:00:00,20/06/2004,04:00:00,-200.0,-200,-200.0,-200.0,-200,41,-200,62,-200,-200.0,-200.0,-200.0,-200.0
2004-06-20 05:00:00,20/06/2004,05:00:00,1.0,-200,-200.0,-200.0,-200,40,-200,60,-200,-200.0,-200.0,-200.0,-200.0
2004-06-20 06:00:00,20/06/2004,06:00:00,0.9,-200,-200.0,-200.0,-200,48,-200,65,-200,-200.0,-200.0,-200.0,-200.0
2004-06-20 07:00:00,20/06/2004,07:00:00,0.8,-200,-200.0,-200.0,-200,44,-200,55,-200,-200.0,-200.0,-200.0,-200.0
2004-06-20 08:00:00,20/06/2004,08:00:00,1.0,-200,-200.0,-200.0,-200,59,-200,66,-200,-200.0,-200.0,-200.0,-200.0
2004-06-20 09:00:00,20/06/2004,09:00:00,1.2,-200,-200.0,-200.0,-200,59,-200,67,-200,-200.0,-200.0,-200.0,-200.0
2004-06-20 10:00:00,20/06/2004,10:00:00,1.2,-200,-200.0,-200.0,-200,53,-200,64,-200,-200.0,-200.0,-200.0,-200.0
2004-06-20 11:00:00,20/06/2004,11:00:00,1.0,-200,-200.0,-200.0,-200,42,-200,59,-200,-200.0,-200.0,-200.0,-200.0
2004-06-20 12:00:00,20/06/2004,12:00:00,1.0,-200,-200.0,-200.0,-200,43,-200,59,-200,-200.0,-200.0,-200.0,-200.0
2004-06-20 13:00:00,20/06/2004,13:00:00,0.6,-200,-200.0,-200.0,-200,23,-200,36,-200,-200.0,-200.0,-200.0,-200.0
2004-06-20 14:00:00,20/06/2004,14:00:00,0.7,-200,-200.0,-200.0,-200,22,-200,35,-200,-200.0,-200.0,-200.0,-200.0
2004-06-20 15:00:00,20/06/2004,15:00:00,0.8,-200,-200.0,-200.0,-200,37,-200,54,-200,-200.0,-200.0,-200.0,-200.0
2004-06-20 16:00:00,20/06/2004,16:00:00,1.1,-200,-200.0,-200.0,-200,53,-200,71,-200,-200.0,-200.0,-200.0,-200.0
2004-06-20 17:00:00,20/06/2004,17:00:00,1.4,-200,-200.0,-200.0,-200,68,-200,86,-200,-200.0,-200.0,-200.0,-200.0
2004-06-20 18:00:00,20/06/2004,18:00:00,2.8,-200,-200.0,-200.0,-200,125,-200,114,-200,-200.0,-200.0,-200.0,-200.0
2004-06-20 19:00:00,20/06/2004,19:00:00,2.5,-200,-200.0,-200.0,-200,96,-200,105,-200,-200.0,-200.0,-200.0,-200.0
2004-06-20 20:00:00,20/06/2004,20:00:00,1.6,-200,-200.0,-200.0,-200,75,-200,87,-200,-200.0,-200.0,-200.0,-200.0
2004-06-20 21:00:00,20/06/2004,21:00:00,1.4,-200,-200.0,-200.0,-200,74,-200,85,-200,-200.0,-200.0,-200.0,-200.0
2004-06-20 22:00:00,20/06/2004,22:00:00,2.3,-200,-200.0,-200.0,-200,92,-200,91,-200,-200.0,-200.0,-200.0,-200.0
2004-06-20 23:00:00,20/06/2004,23:00:00,4.2,-200,-200.0,-200.0,-200,136,-200,108,-200,-200.0,-200.0,-200.0,-200.0
2004-06-21 00:00:00,21/06/2004,00:00:00,3.0,-200,-200.0,-200.0,-200,119,-200,99,-200,-200.0,-200.0,-200.0,-200.0
2004-06-21 01:00:00,21/06/2004,01:00:00,2.2,-200,-200.0,-200.0,-200,76,-200,83,-200,-200.0,-200.0,-200.0,-200.0
2004-06-21 02:00:00,21/06/2004,02:00:00,0.6,-200,-200.0,-200.0,-200,21,-200,36,-200,-200.0,-200.0,-200.0,-200.0
2004-06-21 03:00:00,21/06/2004,03:00:00,0.3,-200,-200.0,-200.0,-200,-200,-200,-200,-200,-200.0,-200.0,-200.0,-200.0
2004-06-21 04:00:00,21/06/2004,04:00:00,0.3,732,-200.0,1.5,544,15,1353,24,1367,466.0,18.9,55.2,1.1895
2004-06-21 05:00:00,21/06/2004,05:00:00,0.5,809,-200.0,3.5,681,52,1108,43,1463,609.0,18.2,57.6,1.193
2004-06-21 06:00:00,21/06/2004,06:00:00,1.3,934,-200.0,8.3,911,85,857,64,1639,863.0,18.6,56.0,1.1865
2004-06-21 07:00:00,21/06/2004,07:00:00,2.5,1132,-200.0,17.3,1220,177,691,91,1910,1203.0,20.8,48.0,1.1702
2004-06-21 08:00:00,21/06/2004,08:00:00,3.7,1221,-200.0,23.3,1386,232,626,109,2138,1412.0,23.3,38.6,1.0919
2004-06-21 09:00:00,21/06/2004,09:00:00,2.5,1024,-200.0,13.8,1111,201,770,110,1753,1069.0,25.1,32.4,1.0170000000000001
2004-06-21 10:00:00,21/06/2004,10:00:00,1.8,938,-200.0,10.2,987,134,862,111,1597,817.0,27.8,25.8,0.9473
2004-06-21 11:00:00,21/06/2004,11:00:00,1.5,869,-200.0,7.9,897,104,965,106,1480,649.0,29.6,21.0,0.8548
2004-06-21 12:00:00,21/06/2004,12:00:00,1.5,846,-200.0,8.8,930,89,947,104,1467,598.0,30.2,18.0,0.7613
2004-06-21 13:00:00,21/06/2004,13:00:00,1.2,838,-200.0,7.2,868,66,1005,76,1454,540.0,30.1,18.5,0.7747
2004-06-21 14:00:00,21/06/2004,14:00:00,1.4,875,-200.0,8.3,912,85,978,84,1504,601.0,29.5,19.4,0.7872
2004-06-21 15:00:00,21/06/2004,15:00:00,1.6,907,-200.0,9.6,961,105,920,102,1564,668.0,31.1,18.2,0.8079
2004-06-21 16:00:00,21/06/2004,16:00:00,1.6,889,-200.0,9.0,939,99,920,102,1492,647.0,30.3,19.0,0.8103
2004-06-21 17:00:00,21/06/2004,17:00:00,2.2,969,-200.0,12.4,1064,132,834,124,1645,816.0,30.1,19.3,0.8083
2004-06-21 18:00:00,21/06/2004,18:00:00,3.0,1051,-200.0,15.3,1157,186,760,147,1787,963.0,28.6,22.3,0.8590000000000001
2004-06-21 19:00:00,21/06/2004,19:00:00,3.0,1043,-200.0,16.1,1181,174,736,138,1813,1010.0,26.1,28.3,0.9407
2004-06-21 20:00:00,21/06/2004,20:00:00,2.7,1043,-200.0,14.1,1121,149,736,126,1793,967.0,24.5,35.7,1.0807
2004-06-21 21:00:00,21/06/2004,21:00:00,2.1,1007,-200.0,11.4,1027,114,798,112,1737,904.0,23.1,41.5,1.1582
2004-06-21 22:00:00,21/06/2004,22:00:00,1.6,966,-200.0,9.5,959,92,838,95,1686,852.0,21.8,46.3,1.1913
2004-06-21 23:00:00,21/06/2004,23:00:00,1.3,920,-200.0,7.4,875,75,915,80,1594,744.0,20.9,48.9,1.1945
2004-06-22 00:00:00,22/06/2004,00:00:00,1.1,889,-200.0,6.4,831,74,956,79,1570,760.0,20.5,49.9,1.1903
2004-06-22 01:00:00,22/06/2004,01:00:00,0.7,825,-200.0,4.1,715,35,1062,49,1462,613.0,20.0,50.9,1.1794
2004-06-22 02:00:00,22/06/2004,02:00:00,0.4,758,-200.0,1.9,580,22,1215,36,1374,531.0,22.1,44.3,1.1665
2004-06-22 03:00:00,22/06/2004,03:00:00,0.2,735,-200.0,1.4,533,-200,1338,-200,1350,493.0,21.0,47.5,1.1666
2004-06-22 04:00:00,22/06/2004,04:00:00,0.2,719,-200.0,1.2,522,24,1385,40,1343,509.0,19.8,50.3,1.1444
2004-06-22 05:00:00,22/06/2004,05:00:00,0.3,757,-200.0,2.2,596,30,1236,37,1381,560.0,19.0,52.8,1.1489
2004-06-22 06:00:00,22/06/2004,06:00:00,0.9,890,-200.0,6.4,831,93,922,67,1594,826.0,17.8,56.5,1.1375
2004-06-22 07:00:00,22/06/2004,07:00:00,3.1,1181,-200.0,18.5,1255,332,632,106,2002,1334.0,18.2,55.8,1.1529
2004-06-22 08:00:00,22/06/2004,08:00:00,5.0,1332,-200.0,30.2,1556,387,523,134,2394,1660.0,20.6,47.7,1.1448
2004-06-22 09:00:00,22/06/2004,09:00:00,2.8,1128,-200.0,14.2,1124,267,717,123,1832,1362.0,22.8,41.9,1.1496
2004-06-22 10:00:00,22/06/2004,10:00:00,2.8,1128,-200.0,14.3,1126,269,725,136,1856,1316.0,27.1,31.7,1.1147
2004-06-22 11:00:00,22/06/2004,11:00:00,2.1,1064,-200.0,12.6,1069,193,766,109,1766,1089.0,30.4,26.4,1.131
2004-06-22 12:00:00,22/06/2004,12:00:00,3.1,1139,-200.0,18.0,1240,239,702,144,1940,1129.0,31.1,26.2,1.1647
2004-06-22 13:00:00,22/06/2004,13:00:00,3.0,1121,-200.0,17.1,1214,232,707,154,1912,1120.0,31.4,25.3,1.1444
2004-06-22 14:00:00,22/06/2004,14:00:00,2.1,1032,-200.0,13.0,1083,152,776,126,1772,916.0,30.8,26.7,1.168
2004-06-22 15:00:00,22/06/2004,15:00:00,1.7,1040,-200.0,11.2,1022,115,826,98,1747,812.0,31.8,25.6,1.1868
2004-06-22 16:00:00,22/06/2004,16:00:00,2.2,1076,-200.0,13.6,1105,169,762,120,1782,959.0,33.5,22.9,1.1649
2004-06-22 17:00:00,22/06/2004,17:00:00,3.5,1177,-200.0,20.5,1310,226,656,145,2011,1189.0,33.1,23.5,1.1673
2004-06-22 18:00:00,22/06/2004,18:00:00,3.6,1196,-200.0,20.2,1303,218,654,139,2017,1199.0,31.7,25.9,1.1883
2004-06-22 19:00:00,22/06/2004,19:00:00,4.1,1204,-200.0,23.1,1381,245,623,148,2085,1283.0,29.0,30.4,1.2013
2004-06-22 20:00:00,22/06/2004,20:00:00,4.0,1166,-200.0,20.3,1304,236,646,139,2016,1291.0,27.4,33.6,1.2095
2004-06-22 21:00:00,22/06/2004,21:00:00,1.8,959,-200.0,9.3,949,104,857,93,1640,949.0,25.2,36.4,1.1528
2004-06-22 22:00:00,22/06/2004,22:00:00,1.7,1004,-200.0,10.5,997,104,813,96,1726,1018.0,24.0,39.6,1.1662
2004-06-22 23:00:00,22/06/2004,23:00:00,2.4,1050,-200.0,13.6,1105,144,729,104,1807,1122.0,23.8,39.6,1.1558
2004-06-23 00:00:00,23/06/2004,00:00:00,1.2,965,-200.0,8.0,900,79,864,83,1631,968.0,22.9,43.6,1.1974
2004-06-23 01:00:00,23/06/2004,01:00:00,0.8,849,-200.0,4.6,744,51,1004,66,1496,806.0,22.8,43.9,1.202
2004-06-23 02:00:00,23/06/2004,02:00:00,0.5,809,-200.0,3.2,666,38,1093,55,1455,714.0,21.8,47.3,1.2189
2004-06-23 03:00:00,23/06/2004,03:00:00,0.3,777,-200.0,2.4,609,-200,1170,-200,1405,644.0,21.7,47.3,1.2135
2004-06-23 04:00:00,23/06/2004,04:00:00,-200.0,768,-200.0,2.1,591,24,1183,37,1402,606.0,20.8,50.3,1.2207
2004-06-23 05:00:00,23/06/2004,05:00:00,0.4,768,-200.0,2.2,597,30,1155,40,1396,606.0,21.7,46.8,1.2031
2004-06-23 06:00:00,23/06/2004,06:00:00,1.0,917,-200.0,6.7,842,73,934,51,1656,819.0,20.3,52.3,1.2367
2004-06-23 07:00:00,23/06/2004,07:00:00,3.8,1252,-200.0,23.1,1380,305,579,117,2210,1462.0,20.5,52.3,1.245
2004-06-23 08:00:00,23/06/2004,08:00:00,3.2,1224,-200.0,19.0,1268,295,605,110,2046,1478.0,21.7,49.6,1.2673
2004-06-23 09:00:00,23/06/2004,09:00:00,3.5,1277,-200.0,20.1,1300,331,608,136,2090,1598.0,24.0,43.1,1.2677
2004-06-23 10:00:00,23/06/2004,10:00:00,3.2,1149,-200.0,16.4,1192,304,672,152,1944,1449.0,28.5,31.7,1.2144
2004-06-23 11:00:00,23/06/2004,11:00:00,2.3,1091,-200.0,13.0,1082,210,746,119,1790,1221.0,32.2,25.1,1.189
2004-06-23 12:00:00,23/06/2004,12:00:00,2.2,1053,-200.0,13.1,1087,163,763,106,1762,1023.0,34.9,20.5,1.1279
2004-06-23 13:00:00,23/06/2004,13:00:00,2.1,1023,-200.0,11.8,1042,132,796,101,1711,910.0,35.4,19.9,1.1222
2004-06-23 14:00:00,23/06/2004,14:00:00,1.9,1085,-200.0,12.7,1075,126,767,110,1786,913.0,34.4,22.5,1.205
2004-06-23 15:00:00,23/06/2004,15:00:00,2.4,1116,-200.0,14.1,1120,150,724,124,1854,1035.0,34.8,22.8,1.2488
2004-06-23 16:00:00,23/06/2004,16:00:00,2.5,1111,-200.0,14.4,1131,171,735,137,1825,1085.0,34.3,22.4,1.1907
2004-06-23 17:00:00,23/06/2004,17:00:00,3.6,1210,-200.0,20.7,1316,234,645,159,2030,1278.0,32.5,25.3,1.2165
2004-06-23 18:00:00,23/06/2004,18:00:00,3.9,1250,-200.0,21.6,1339,251,616,152,2075,1383.0,31.3,27.3,1.2234
2004-06-23 19:00:00,23/06/2004,19:00:00,4.4,1297,-200.0,24.2,1408,294,595,166,2134,1473.0,30.2,29.0,1.2224
2004-06-23 20:00:00,23/06/2004,20:00:00,4.8,1313,-200.0,21.8,1345,300,603,163,2118,1507.0,28.5,33.3,1.2775
2004-06-23 21:00:00,23/06/2004,21:00:00,2.5,1146,-200.0,13.0,1084,159,713,121,1829,1215.0,27.3,35.3,1.2606
2004-06-23 22:00:00,23/06/2004,22:00:00,2.8,1199,-200.0,15.1,1152,176,685,125,1897,1242.0,26.1,37.8,1.2575
2004-06-23 23:00:00,23/06/2004,23:00:00,3.2,1274,-200.0,16.6,1197,192,626,120,2023,1356.0,24.7,47.1,1.44
2004-06-24 00:00:00,24/06/2004,00:00:00,2.6,1243,-200.0,12.7,1072,152,675,103,1978,1195.0,23.6,59.8,1.7193
2004-06-24 01:00:00,24/06/2004,01:00:00,1.5,1054,-200.0,8.6,923,63,783,64,1793,899.0,23.3,60.5,1.706
2004-06-24 02:00:00,24/06/2004,02:00:00,1.0,962,-200.0,5.3,778,35,929,44,1645,726.0,23.3,59.4,1.6753
2004-06-24 03:00:00,24/06/2004,03:00:00,0.8,915,-200.0,3.6,690,-200,983,-200,1570,743.0,22.9,57.7,1.5902
2004-06-24 04:00:00,24/06/2004,04:00:00,0.6,871,-200.0,2.8,639,21,1062,35,1528,684.0,23.7,53.5,1.546
2004-06-24 05:00:00,24/06/2004,05:00:00,0.6,877,-200.0,3.1,658,41,1047,46,1530,779.0,21.2,60.9,1.5092
2004-06-24 06:00:00,24/06/2004,06:00:00,0.7,893,-200.0,3.7,696,48,1008,54,1548,801.0,22.1,56.2,1.48
2004-06-24 07:00:00,24/06/2004,07:00:00,1.2,1030,-200.0,6.9,851,102,824,68,1700,983.0,21.9,57.0,1.4742
2004-06-24 08:00:00,24/06/2004,08:00:00,1.5,1059,-200.0,8.6,926,111,783,77,1750,989.0,24.7,45.9,1.4061
2004-06-24 09:00:00,24/06/2004,09:00:00,1.3,1020,-200.0,7.1,860,93,864,74,1649,875.0,27.0,40.8,1.4286
2004-06-24 10:00:00,24/06/2004,10:00:00,1.6,1045,-200.0,6.6,840,118,879,92,1656,807.0,29.1,37.4,1.4833
2004-06-24 11:00:00,24/06/2004,11:00:00,1.5,1029,-200.0,7.2,866,93,874,83,1651,727.0,31.1,32.4,1.4351
2004-06-24 12:00:00,24/06/2004,12:00:00,1.2,959,-200.0,5.0,763,56,976,58,1561,549.0,31.9,30.3,1.4125
2004-06-24 13:00:00,24/06/2004,13:00:00,1.1,975,-200.0,5.7,798,51,939,55,1576,570.0,32.8,28.9,1.412
2004-06-24 14:00:00,24/06/2004,14:00:00,1.2,988,-200.0,6.0,813,52,927,61,1596,596.0,33.4,27.8,1.4119
2004-06-24 15:00:00,24/06/2004,15:00:00,1.3,971,-200.0,6.1,818,59,942,65,1565,585.0,35.3,23.7,1.3331
2004-06-24 16:00:00,24/06/2004,16:00:00,1.4,999,-200.0,8.0,899,62,869,74,1629,637.0,35.8,22.4,1.2915
2004-06-24 17:00:00,24/06/2004,17:00:00,1.6,989,-200.0,7.8,889,85,889,89,1602,664.0,35.3,20.8,1.1664
2004-06-24 18:00:00,24/06/2004,18:00:00,2.1,1075,-200.0,11.1,1020,109,802,103,1732,797.0,33.3,23.9,1.2085
2004-06-24 19:00:00,24/06/2004,19:00:00,3.0,1190,-200.0,15.9,1177,168,695,128,1934,1046.0,30.3,30.8,1.3044
2004-06-24 20:00:00,24/06/2004,20:00:00,2.8,1172,-200.0,13.7,1108,166,706,122,1878,1058.0,28.3,34.5,1.3084
2004-06-24 21:00:00,24/06/2004,21:00:00,3.8,1256,-200.0,21.6,1340,149,594,125,2176,1214.0,27.1,38.9,1.3758
2004-06-24 22:00:00,24/06/2004,22:00:00,3.2,1190,-200.0,16.8,1203,118,658,119,1967,1056.0,25.4,43.2,1.3805
2004-06-24 23:00:00,24/06/2004,23:00:00,4.1,1249,-200.0,20.5,1310,160,601,126,2114,1280.0,24.6,45.3,1.3767
2004-06-25 00:00:00,25/06/2004,00:00:00,2.6,1072,-200.0,14.1,1120,124,711,100,1838,1045.0,23.7,46.0,1.3346
2004-06-25 01:00:00,25/06/2004,01:00:00,2.0,1035,-200.0,10.9,1011,95,750,94,1752,1039.0,23.0,48.1,1.3322
2004-06-25 02:00:00,25/06/2004,02:00:00,0.9,839,-200.0,3.6,690,34,1030,52,1457,640.0,24.8,43.4,1.3366
2004-06-25 03:00:00,25/06/2004,03:00:00,0.7,833,-200.0,3.3,671,-200,1061,-200,1482,705.0,23.1,47.4,1.3208
2004-06-25 04:00:00,25/06/2004,04:00:00,0.6,804,-200.0,2.4,616,45,1144,64,1427,662.0,21.7,50.2,1.2917
2004-06-25 05:00:00,25/06/2004,05:00:00,0.6,811,-200.0,3.0,651,35,1097,46,1442,579.0,21.9,50.7,1.3138
2004-06-25 06:00:00,25/06/2004,06:00:00,1.6,1028,-200.0,8.9,934,141,818,88,1743,987.0,20.1,57.0,1.3216
2004-06-25 07:00:00,25/06/2004,07:00:00,2.6,1138,-200.0,14.8,1141,199,671,104,1927,1197.0,21.5,51.8,1.3129
2004-06-25 08:00:00,25/06/2004,08:00:00,2.9,1203,-200.0,16.2,1185,224,649,125,1968,1328.0,22.9,48.7,1.3416
2004-06-25 09:00:00,25/06/2004,09:00:00,2.8,1193,-200.0,14.6,1136,245,667,151,1924,1370.0,25.7,41.0,1.3351
2004-06-25 10:00:00,25/06/2004,10:00:00,1.9,1049,-200.0,8.0,898,153,858,113,1671,921.0,29.9,33.2,1.3793
2004-06-25 11:00:00,25/06/2004,11:00:00,1.9,1090,-200.0,9.1,942,145,828,102,1713,876.0,32.9,28.0,1.3789
2004-06-25 12:00:00,25/06/2004,12:00:00,2.1,1070,-200.0,10.0,976,130,808,108,1688,819.0,34.0,25.6,1.3363
2004-06-25 13:00:00,25/06/2004,13:00:00,1.9,1014,-200.0,9.8,970,95,826,93,1684,763.0,34.7,22.6,1.2297
2004-06-25 14:00:00,25/06/2004,14:00:00,1.6,972,-200.0,8.3,912,88,882,89,1596,675.0,35.5,20.3,1.1586
2004-06-25 15:00:00,25/06/2004,15:00:00,1.6,951,-200.0,7.5,880,89,920,84,1539,637.0,35.9,18.8,1.0912
2004-06-25 16:00:00,25/06/2004,16:00:00,2.1,1033,-200.0,11.7,1038,127,802,111,1690,826.0,36.2,18.6,1.0945
2004-06-25 17:00:00,25/06/2004,17:00:00,2.4,983,-200.0,13.3,1094,149,817,115,1659,854.0,35.4,15.3,0.8613
2004-06-25 18:00:00,25/06/2004,18:00:00,2.8,973,-200.0,14.4,1128,170,813,127,1642,894.0,32.9,15.5,0.7649
2004-06-25 19:00:00,25/06/2004,19:00:00,3.4,1083,-200.0,17.9,1237,210,737,129,1786,1077.0,29.9,19.8,0.8211
2004-06-25 20:00:00,25/06/2004,20:00:00,3.4,1062,-200.0,15.9,1176,230,763,140,1743,1121.0,28.1,22.4,0.8394
2004-06-25 21:00:00,25/06/2004,21:00:00,2.7,1011,-200.0,14.2,1122,203,808,137,1680,1071.0,26.1,24.7,0.8233
2004-06-25 22:00:00,25/06/2004,22:00:00,2.6,1054,-200.0,13.8,1110,174,765,130,1670,1167.0,25.0,28.7,0.8944
2004-06-25 23:00:00,25/06/2004,23:00:00,2.3,1013,-200.0,11.7,1038,164,793,121,1598,1162.0,24.3,31.0,0.9268
2004-06-26 00:00:00,26/06/2004,00:00:00,1.2,870,-200.0,6.2,823,76,975,79,1398,848.0,24.0,31.2,0.919
2004-06-26 01:00:00,26/06/2004,01:00:00,1.0,857,-200.0,5.1,769,52,1006,69,1390,759.0,22.4,34.9,0.9362
2004-06-26 02:00:00,26/06/2004,02:00:00,0.9,835,-200.0,4.5,739,47,1036,61,1382,694.0,21.2,37.6,0.9355
2004-06-26 03:00:00,26/06/2004,03:00:00,1.1,844,-200.0,4.9,759,-200,1005,-200,1409,848.0,19.5,42.3,0.9461
2004-06-26 04:00:00,26/06/2004,04:00:00,-200.0,763,-200.0,2.5,622,37,1129,58,1321,689.0,21.2,39.4,0.9802
2004-06-26 05:00:00,26/06/2004,05:00:00,0.4,769,-200.0,2.3,606,41,1171,58,1314,610.0,19.5,42.4,0.9515
2004-06-26 06:00:00,26/06/2004,06:00:00,0.9,891,-200.0,5.5,790,74,960,70,1466,816.0,18.6,45.8,0.9723
2004-06-26 07:00:00,26/06/2004,07:00:00,1.8,1037,-200.0,10.4,993,168,779,104,1680,1158.0,19.7,44.1,1.0039
2004-06-26 08:00:00,26/06/2004,08:00:00,2.2,1090,-200.0,12.4,1065,176,728,109,1773,1228.0,21.9,39.4,1.0243
2004-06-26 09:00:00,26/06/2004,09:00:00,2.4,1117,-200.0,14.0,1118,184,716,129,1791,1323.0,24.5,34.3,1.0407
2004-06-26 10:00:00,26/06/2004,10:00:00,2.3,1109,-200.0,12.7,1074,187,761,144,1734,1274.0,30.0,25.6,1.0674
2004-06-26 11:00:00,26/06/2004,11:00:00,1.6,961,-200.0,9.0,939,118,912,101,1508,846.0,34.5,18.9,1.0168
2004-06-26 12:00:00,26/06/2004,12:00:00,1.4,985,-200.0,8.5,919,89,918,90,1540,737.0,36.3,17.5,1.0411
2004-06-26 13:00:00,26/06/2004,13:00:00,1.4,960,-200.0,8.2,909,70,910,86,1523,675.0,37.7,16.0,1.0231
2004-06-26 14:00:00,26/06/2004,14:00:00,1.0,927,-200.0,5.9,806,51,1013,69,1446,559.0,38.3,15.8,1.0465
2004-06-26 15:00:00,26/06/2004,15:00:00,1.0,958,-200.0,5.6,795,52,1002,65,1481,604.0,38.4,17.5,1.1609
2004-06-26 16:00:00,26/06/2004,16:00:00,1.2,1019,-200.0,6.7,842,70,935,73,1565,729.0,37.2,20.5,1.2813
2004-06-26 17:00:00,26/06/2004,17:00:00,1.3,1010,-200.0,6.1,816,80,955,73,1567,741.0,34.0,26.4,1.3781
2004-06-26 18:00:00,26/06/2004,18:00:00,1.5,1030,-200.0,6.7,844,90,917,78,1599,747.0,32.3,30.4,1.445
2004-06-26 19:00:00,26/06/2004,19:00:00,1.9,1100,-200.0,9.2,946,111,827,98,1726,932.0,30.5,33.9,1.4564
2004-06-26 20:00:00,26/06/2004,20:00:00,1.8,1079,-200.0,8.2,909,107,861,99,1686,928.0,29.2,37.8,1.5098
2004-06-26 21:00:00,26/06/2004,21:00:00,1.4,1036,-200.0,7.0,859,73,900,83,1645,860.0,28.4,39.1,1.4881
2004-06-26 22:00:00,26/06/2004,22:00:00,1.7,1085,-200.0,9.5,959,75,827,88,1747,963.0,27.7,40.6,1.4828
2004-06-26 23:00:00,26/06/2004,23:00:00,2.7,1214,-200.0,15.1,1151,144,683,117,1938,1309.0,27.2,42.5,1.5069
2004-06-27 00:00:00,27/06/2004,00:00:00,2.1,1127,-200.0,11.7,1041,120,728,97,1830,1266.0,26.5,44.8,1.528
2004-06-27 01:00:00,27/06/2004,01:00:00,1.4,1038,-200.0,9.3,950,71,776,75,1750,1181.0,25.5,47.6,1.5318
2004-06-27 02:00:00,27/06/2004,02:00:00,1.0,948,-200.0,6.4,829,40,873,53,1638,937.0,25.2,47.8,1.5076
2004-06-27 03:00:00,27/06/2004,03:00:00,1.0,953,-200.0,6.7,844,-200,848,-200,1685,995.0,23.2,53.7,1.5046
2004-06-27 04:00:00,27/06/2004,04:00:00,0.8,869,-200.0,4.2,723,34,975,45,1522,789.0,23.2,52.3,1.4668
2004-06-27 05:00:00,27/06/2004,05:00:00,0.5,809,-200.0,2.6,628,27,1127,42,1490,682.0,24.0,50.3,1.4811
2004-06-27 06:00:00,27/06/2004,06:00:00,0.6,833,-200.0,2.8,641,30,1088,44,1496,717.0,23.5,51.2,1.4634
2004-06-27 07:00:00,27/06/2004,07:00:00,0.6,857,-200.0,3.1,661,40,1083,50,1511,696.0,23.5,50.8,1.452
2004-06-27 08:00:00,27/06/2004,08:00:00,1.0,966,-200.0,6.2,820,56,913,60,1634,807.0,24.7,47.6,1.4597
2004-06-27 09:00:00,27/06/2004,09:00:00,1.6,1063,-200.0,7.9,894,104,823,100,1688,1025.0,27.2,41.1,1.4611
2004-06-27 10:00:00,27/06/2004,10:00:00,1.9,1110,-200.0,10.5,996,121,782,111,1771,1090.0,31.0,32.4,1.4294
2004-06-27 11:00:00,27/06/2004,11:00:00,1.7,1055,-200.0,9.0,941,100,844,110,1648,932.0,35.2,24.8,1.3854
2004-06-27 12:00:00,27/06/2004,12:00:00,1.1,939,-200.0,6.3,828,59,991,74,1486,639.0,37.8,18.5,1.1977
2004-06-27 13:00:00,27/06/2004,13:00:00,0.8,816,-200.0,3.5,684,42,1195,56,1285,467.0,39.0,15.1,1.0424
2004-06-27 14:00:00,27/06/2004,14:00:00,0.7,841,-200.0,4.0,712,38,1175,50,1339,476.0,41.3,12.8,0.9933
2004-06-27 15:00:00,27/06/2004,15:00:00,0.7,842,-200.0,4.2,722,40,1163,54,1294,490.0,41.8,11.9,0.9476
2004-06-27 16:00:00,27/06/2004,16:00:00,1.2,990,-200.0,6.9,852,70,967,90,1488,669.0,42.2,14.2,1.1609
2004-06-27 17:00:00,27/06/2004,17:00:00,1.6,1042,-200.0,7.9,894,95,916,109,1537,800.0,41.4,15.5,1.2089
2004-06-27 18:00:00,27/06/2004,18:00:00,1.6,1089,-200.0,7.9,893,90,879,110,1609,791.0,38.9,21.4,1.4605
2004-06-27 19:00:00,27/06/2004,19:00:00,1.7,1102,-200.0,10.3,990,90,799,103,1685,849.0,34.3,26.0,1.3865
2004-06-27 20:00:00,27/06/2004,20:00:00,2.0,1095,-200.0,10.5,996,111,799,120,1695,934.0,32.7,27.7,1.3439
2004-06-27 21:00:00,27/06/2004,21:00:00,2.3,1116,-200.0,12.7,1075,135,761,134,1784,1081.0,30.5,30.4,1.3031
2004-06-27 22:00:00,27/06/2004,22:00:00,2.4,1105,-200.0,11.9,1046,146,777,137,1751,1102.0,29.0,33.6,1.3277
2004-06-27 23:00:00,27/06/2004,23:00:00,1.7,1018,-200.0,9.3,950,100,830,99,1636,914.0,28.2,36.6,1.3781
2004-06-28 00:00:00,28/06/2004,00:00:00,1.2,991,-200.0,7.9,896,69,857,78,1616,926.0,27.2,38.9,1.3821
2004-06-28 01:00:00,28/06/2004,01:00:00,1.0,923,-200.0,5.0,765,47,952,63,1508,786.0,26.7,40.0,1.3754
2004-06-28 02:00:00,28/06/2004,02:00:00,0.6,874,-200.0,3.4,679,26,1049,41,1444,619.0,26.0,41.2,1.3598
2004-06-28 03:00:00,28/06/2004,03:00:00,0.5,846,-200.0,3.2,662,-200,1068,-200,1464,633.0,22.8,50.1,1.3677
2004-06-28 04:00:00,28/06/2004,04:00:00,0.4,838,-200.0,2.7,632,24,1079,39,1438,634.0,24.0,46.6,1.37
2004-06-28 05:00:00,28/06/2004,05:00:00,0.5,827,-200.0,3.1,656,55,1075,60,1447,722.0,24.0,46.4,1.3689
2004-06-28 06:00:00,28/06/2004,06:00:00,0.7,901,-200.0,5.0,763,47,984,54,1552,717.0,23.7,47.1,1.3602
2004-06-28 07:00:00,28/06/2004,07:00:00,3.2,1291,-200.0,20.7,1316,209,603,119,2172,1445.0,23.6,47.3,1.3634
2004-06-28 08:00:00,28/06/2004,08:00:00,5.6,1441,-200.0,32.4,1606,348,503,159,2568,1786.0,25.5,43.1,1.3891
2004-06-28 09:00:00,28/06/2004,09:00:00,4.6,1363,-200.0,24.2,1410,337,565,182,2199,1791.0,28.5,36.8,1.4128
2004-06-28 10:00:00,28/06/2004,10:00:00,3.3,1218,-200.0,16.6,1198,280,671,183,1907,1413.0,32.6,28.0,1.3566
2004-06-28 11:00:00,28/06/2004,11:00:00,2.1,1132,-200.0,13.2,1091,169,751,144,1795,1092.0,36.3,23.4,1.3902
2004-06-28 12:00:00,28/06/2004,12:00:00,1.9,1103,-200.0,12.3,1060,126,770,118,1748,940.0,37.5,21.5,1.3673
2004-06-28 13:00:00,28/06/2004,13:00:00,1.9,1081,-200.0,12.1,1053,108,770,106,1773,883.0,39.6,19.0,1.3447
2004-06-28 14:00:00,28/06/2004,14:00:00,1.6,1079,-200.0,11.1,1018,93,793,97,1739,850.0,40.1,19.3,1.4013
2004-06-28 15:00:00,28/06/2004,15:00:00,2.0,1167,-200.0,13.1,1087,112,741,129,1820,928.0,40.4,20.0,1.4854
2004-06-28 16:00:00,28/06/2004,16:00:00,1.8,1148,-200.0,11.6,1037,110,772,130,1720,835.0,39.9,20.1,1.4495
2004-06-28 17:00:00,28/06/2004,17:00:00,2.9,1221,-200.0,17.7,1230,188,670,163,1905,1157.0,39.1,19.6,1.3542
2004-06-28 18:00:00,28/06/2004,18:00:00,3.4,1255,-200.0,19.5,1283,203,640,160,2023,1232.0,37.0,21.9,1.3503
2004-06-28 19:00:00,28/06/2004,19:00:00,3.1,1245,-200.0,19.7,1287,167,635,140,2067,1288.0,33.9,26.8,1.3899
2004-06-28 20:00:00,28/06/2004,20:00:00,2.5,1162,-200.0,15.1,1151,116,687,115,1912,1143.0,31.9,30.6,1.4201
2004-06-28 21:00:00,28/06/2004,21:00:00,1.8,1079,-200.0,11.1,1020,89,754,92,1760,1014.0,29.7,33.9,1.3874
2004-06-28 22:00:00,28/06/2004,22:00:00,1.8,1091,-200.0,11.7,1038,103,744,99,1786,1088.0,28.6,36.8,1.416
2004-06-28 23:00:00,28/06/2004,23:00:00,2.0,1085,-200.0,11.7,1039,100,745,96,1790,1092.0,27.8,38.7,1.4187
2004-06-29 00:00:00,29/06/2004,00:00:00,1.5,1050,-200.0,9.7,966,86,780,80,1748,1090.0,27.8,40.0,1.4691
2004-06-29 01:00:00,29/06/2004,01:00:00,0.8,941,-200.0,6.0,814,52,873,65,1592,979.0,27.5,41.3,1.4962
2004-06-29 02:00:00,29/06/2004,02:00:00,0.4,891,-200.0,3.9,705,27,980,46,1534,806.0,27.3,41.6,1.4906
2004-06-29 03:00:00,29/06/2004,03:00:00,0.3,842,-200.0,2.6,624,-200,1080,-200,1480,712.0,26.0,44.2,1.4657
2004-06-29 04:00:00,29/06/2004,04:00:00,-200.0,850,-200.0,2.8,639,35,1048,57,1519,853.0,24.8,48.0,1.4857
2004-06-29 05:00:00,29/06/2004,05:00:00,0.5,863,-200.0,3.0,652,42,1055,54,1504,816.0,25.9,45.1,1.4889
2004-06-29 06:00:00,29/06/2004,06:00:00,0.7,956,-200.0,5.4,784,57,928,62,1634,934.0,25.3,47.6,1.5108
2004-06-29 07:00:00,29/06/2004,07:00:00,3.4,1384,-200.0,23.5,1391,228,552,102,2316,1548.0,24.7,49.5,1.5201
2004-06-29 08:00:00,29/06/2004,08:00:00,5.7,1502,-200.0,33.5,1631,350,459,140,2622,1858.0,27.1,43.1,1.5224
2004-06-29 09:00:00,29/06/2004,09:00:00,3.2,1219,-200.0,15.5,1163,232,642,121,1963,1410.0,28.3,39.8,1.5053
2004-06-29 10:00:00,29/06/2004,10:00:00,2.7,1237,-200.0,15.3,1157,206,663,132,1968,1334.0,32.4,32.3,1.5484
2004-06-29 11:00:00,29/06/2004,11:00:00,2.1,1181,-200.0,12.8,1078,159,706,122,1870,1140.0,35.4,27.8,1.5733
2004-06-29 12:00:00,29/06/2004,12:00:00,2.8,1251,-200.0,15.2,1154,184,682,148,1955,1111.0,35.5,27.4,1.5635
2004-06-29 13:00:00,29/06/2004,13:00:00,2.5,1214,-200.0,15.7,1170,136,681,133,1963,1054.0,37.8,24.4,1.5722
2004-06-29 14:00:00,29/06/2004,14:00:00,2.1,1166,-200.0,12.3,1062,124,726,130,1825,924.0,37.2,25.5,1.5914
2004-06-29 15:00:00,29/06/2004,15:00:00,2.5,1226,-200.0,15.3,1157,133,683,141,1912,1041.0,37.2,25.6,1.6014
2004-06-29 16:00:00,29/06/2004,16:00:00,2.7,1265,-200.0,17.6,1229,156,636,172,2040,1282.0,38.0,25.0,1.6312
2004-06-29 17:00:00,29/06/2004,17:00:00,3.7,1317,-200.0,21.5,1338,200,593,198,2132,1362.0,37.1,26.9,1.6635
2004-06-29 18:00:00,29/06/2004,18:00:00,3.7,1372,-200.0,23.2,1382,202,568,181,2268,1441.0,36.9,27.8,1.7099
2004-06-29 19:00:00,29/06/2004,19:00:00,4.6,1443,-200.0,25.6,1443,286,543,202,2332,1559.0,34.7,31.9,1.7325
2004-06-29 20:00:00,29/06/2004,20:00:00,2.6,1200,-200.0,14.3,1126,141,664,120,1979,1198.0,31.9,38.4,1.7897
2004-06-29 21:00:00,29/06/2004,21:00:00,2.5,1216,-200.0,14.4,1130,117,655,115,1994,1246.0,30.5,42.3,1.8173
2004-06-29 22:00:00,29/06/2004,22:00:00,2.3,1160,-200.0,12.6,1070,110,687,112,1929,1192.0,29.3,45.8,1.8362
2004-06-29 23:00:00,29/06/2004,23:00:00,2.2,1194,-200.0,13.7,1106,100,667,97,1985,1194.0,28.2,48.1,1.8144
2004-06-30 00:00:00,30/06/2004,00:00:00,2.5,1199,-200.0,13.1,1087,112,658,100,1954,1252.0,27.3,51.0,1.8287
2004-06-30 01:00:00,30/06/2004,01:00:00,0.9,965,-200.0,6.1,818,35,844,47,1681,777.0,26.8,52.4,1.8141
2004-06-30 02:00:00,30/06/2004,02:00:00,0.8,961,-200.0,5.8,801,33,850,44,1683,798.0,26.0,54.9,1.8141
2004-06-30 03:00:00,30/06/2004,03:00:00,0.7,901,-200.0,3.7,697,-200,952,-200,1586,800.0,26.8,51.9,1.8058
2004-06-30 04:00:00,30/06/2004,04:00:00,0.5,864,-200.0,2.6,629,28,1052,42,1558,728.0,26.9,51.8,1.805
2004-06-30 05:00:00,30/06/2004,05:00:00,0.7,952,-200.0,4.6,742,49,892,57,1656,953.0,24.6,59.1,1.8013
2004-06-30 06:00:00,30/06/2004,06:00:00,0.9,1009,-200.0,7.4,875,81,797,61,1738,1060.0,26.4,53.1,1.7987
2004-06-30 07:00:00,30/06/2004,07:00:00,2.2,1225,-200.0,15.2,1155,178,643,106,1992,1338.0,27.3,46.4,1.6542
2004-06-30 08:00:00,30/06/2004,08:00:00,2.8,1245,-200.0,16.7,1202,223,628,136,2039,1622.0,28.4,40.4,1.5442
2004-06-30 09:00:00,30/06/2004,09:00:00,2.9,1265,-200.0,17.0,1209,290,638,157,2015,1812.0,30.8,37.1,1.6169
2004-06-30 10:00:00,30/06/2004,10:00:00,2.9,1276,-200.0,18.0,1241,274,642,171,2024,1784.0,34.2,30.7,1.6252
2004-06-30 11:00:00,30/06/2004,11:00:00,3.0,1232,-200.0,16.1,1183,278,675,190,1920,1509.0,37.0,26.5,1.6352
2004-06-30 12:00:00,30/06/2004,12:00:00,2.5,1193,-200.0,13.4,1097,152,698,155,1832,1139.0,36.6,27.8,1.676
2004-06-30 13:00:00,30/06/2004,13:00:00,2.3,1162,-200.0,14.0,1117,118,700,139,1857,1044.0,36.9,26.9,1.6477
2004-06-30 14:00:00,30/06/2004,14:00:00,2.1,1126,-200.0,13.4,1097,141,723,152,1810,1015.0,39.3,22.2,1.5519999999999998
2004-06-30 15:00:00,30/06/2004,15:00:00,1.9,1089,-200.0,10.4,993,131,801,143,1675,825.0,38.5,22.4,1.5018
2004-06-30 16:00:00,30/06/2004,16:00:00,2.3,1134,-200.0,12.7,1073,171,747,168,1765,1022.0,39.7,20.4,1.4594
2004-06-30 17:00:00,30/06/2004,17:00:00,4.2,1388,-200.0,24.5,1418,287,568,226,2250,1913.0,38.8,24.2,1.6433
2004-06-30 18:00:00,30/06/2004,18:00:00,4.9,1506,-200.0,27.8,1499,267,506,207,2485,2043.0,33.5,38.0,1.939
2004-06-30 19:00:00,30/06/2004,19:00:00,4.9,1352,-200.0,23.3,1385,280,563,197,2205,1661.0,34.0,32.9,1.7251
2004-06-30 20:00:00,30/06/2004,20:00:00,3.5,1217,-200.0,17.6,1227,224,641,158,2040,1404.0,31.9,33.7,1.5663
2004-06-30 21:00:00,30/06/2004,21:00:00,2.5,1149,-200.0,14.5,1132,137,688,124,1936,1233.0,30.2,37.6,1.587
2004-06-30 22:00:00,30/06/2004,22:00:00,2.5,1156,-200.0,14.4,1129,118,688,110,1941,1181.0,28.9,41.0,1.6096
2004-06-30 23:00:00,30/06/2004,23:00:00,2.6,1180,-200.0,14.2,1122,128,678,112,1921,1272.0,27.8,45.2,1.6604
